"scenario","days","rep","iter","n_reports","n_factors","converged","hypothesis","sign","truth","est","lo","hi","p_positive"
"effects",180,1,1000,439,23,TRUE,"H1",1,0.3377,0.4438,0.1515,0.71,0.99825
"effects",180,1,1000,439,23,TRUE,"H2",1,0.2879,0.4588,0.1771,0.7532,0.99925
"effects",180,1,1000,439,23,TRUE,"H3a",-1,-0.1455,-0.2394,-0.5531,0.0826,0.072
"effects",180,1,1000,439,23,TRUE,"H3b",-1,-0.2134,-0.4757,-0.7955,-0.1341,0.00525
"effects",180,1,1000,439,23,TRUE,"H4",1,0.3093,0.5178,0.1846,0.8486,0.99825
"effects",180,1,1000,439,23,TRUE,"null:sleep_efficiency",1,0,0.0024,-0.0808,0.1423,0.56125
"effects",180,1,1000,439,23,TRUE,"null:hrv_ms",1,0,0.0042,-0.0704,0.1418,0.5985
"effects",180,1,1000,439,23,TRUE,"null:resting_hr",1,0,-0.0026,-0.1304,0.0827,0.425
"effects",180,1,1000,439,23,TRUE,"null:skin_temp_dev_c",1,0,0.001,-0.0896,0.1107,0.53575
"effects",180,1,1000,439,23,TRUE,"null:exercise_min",1,0,4e-04,-0.1079,0.1257,0.51525
"effects",180,1,1000,439,23,TRUE,"null:outdoor_min",1,0,-0.0019,-0.1379,0.0887,0.44475
"effects",180,1,1000,439,23,TRUE,"null:caffeine_mg",1,0,-1e-04,-0.1058,0.1018,0.49325
"effects",180,1,1000,439,23,TRUE,"null:alcohol_units",1,0,1e-04,-0.1006,0.1102,0.5055
"effects",180,1,1000,439,23,TRUE,"null:work_day",1,0,0.0044,-0.0711,0.151,0.60875
"effects",180,1,1000,439,23,TRUE,"null:travel",1,0,-1e-04,-0.1068,0.1076,0.49225
"effects",180,1,1000,439,23,TRUE,"null:sick",1,0,9e-04,-0.0966,0.1131,0.5305
"effects",180,1,1000,439,23,TRUE,"null:temp_mean_c",1,0,-0.0012,-0.1225,0.0911,0.463
"effects",180,1,1000,439,23,TRUE,"null:precipitation_mm",1,0,0.0041,-0.0675,0.1368,0.5965
"effects",180,1,1000,439,23,TRUE,"null:sunshine_hours",1,0,6e-04,-0.0982,0.1112,0.52325
"effects",180,1,1000,439,23,TRUE,"null:daylight_hours",1,0,0.0039,-0.0731,0.1551,0.597
"effects",180,1,1000,439,23,TRUE,"null:pm25",1,0,-0.0021,-0.1214,0.0888,0.4375
"effects",180,1,1000,439,23,TRUE,"null:indoor_pm25",1,0,0.0037,-0.0718,0.138,0.59825
"effects",180,1,1000,439,23,TRUE,"null:indoor_voc",1,0,5e-04,-0.0967,0.1098,0.5215
"effects",180,1,1000,439,23,TRUE,"H5",1,0.5,0.3819,-0.1042,0.7486,0.949
"effects",180,2,1000,422,23,FALSE,"H1",1,0.3845,0.385,0.1367,0.6376,0.99875
"effects",180,2,1000,422,23,FALSE,"H2",1,0.3011,0.3329,0.0438,0.6165,0.98725
"effects",180,2,1000,422,23,FALSE,"H3a",-1,-0.2198,-0.257,-0.5587,0.0273,0.03475
"effects",180,2,1000,422,23,FALSE,"H3b",-1,-0.2,-0.1453,-0.4161,0.1289,0.15375
"effects",180,2,1000,422,23,FALSE,"H4",1,0.3205,0.5231,0.2544,0.7866,0.9995
"effects",180,2,1000,422,23,FALSE,"null:sleep_efficiency",1,0,0.0314,-0.1071,0.2482,0.6955
"effects",180,2,1000,422,23,FALSE,"null:hrv_ms",1,0,0.0646,-0.0637,0.3239,0.80425
"effects",180,2,1000,422,23,FALSE,"null:resting_hr",1,0,0.0228,-0.1179,0.2036,0.65275
"effects",180,2,1000,422,23,FALSE,"null:skin_temp_dev_c",1,0,-0.0036,-0.1747,0.1562,0.46425
"effects",180,2,1000,422,23,FALSE,"null:exercise_min",1,0,0.0137,-0.1452,0.2258,0.593
"effects",180,2,1000,422,23,FALSE,"null:outdoor_min",1,0,0.005,-0.1725,0.2052,0.547
"effects",180,2,1000,422,23,FALSE,"null:caffeine_mg",1,0,-0.0157,-0.1982,0.1296,0.39275
"effects",180,2,1000,422,23,FALSE,"null:alcohol_units",1,0,-0.0014,-0.186,0.1801,0.48625
"effects",180,2,1000,422,23,FALSE,"null:work_day",1,0,0.0666,-0.0811,0.363,0.785
"effects",180,2,1000,422,23,FALSE,"null:travel",1,0,-0.0135,-0.2169,0.1429,0.40275
"effects",180,2,1000,422,23,FALSE,"null:sick",1,0,-3e-04,-0.1874,0.1737,0.4955
"effects",180,2,1000,422,23,FALSE,"null:temp_mean_c",1,0,0.0346,-0.099,0.2654,0.70125
"effects",180,2,1000,422,23,FALSE,"null:precipitation_mm",1,0,0.0117,-0.1253,0.1802,0.59325
"effects",180,2,1000,422,23,FALSE,"null:sunshine_hours",1,0,0.0681,-0.0608,0.2999,0.818
"effects",180,2,1000,422,23,FALSE,"null:daylight_hours",1,0,-0.065,-0.3292,0.0739,0.1835
"effects",180,2,1000,422,23,FALSE,"null:pm25",1,0,-0.0999,-0.3355,0.0327,0.1135
"effects",180,2,1000,422,23,FALSE,"null:indoor_pm25",1,0,-0.0502,-0.277,0.0871,0.236
"effects",180,2,1000,422,23,FALSE,"null:indoor_voc",1,0,-0.0864,-0.3491,0.0473,0.1485
"effects",180,2,1000,422,23,FALSE,"H5",1,0.5,0.04,-0.7179,0.6672,0.538
"effects",180,3,1000,455,23,TRUE,"H1",1,0.3409,0.1711,-0.1132,0.436,0.8875
"effects",180,3,1000,455,23,TRUE,"H2",1,0.305,0.4341,0.1673,0.698,0.99975
"effects",180,3,1000,455,23,TRUE,"H3a",-1,-0.189,-0.1855,-0.4878,0.1234,0.11125
"effects",180,3,1000,455,23,TRUE,"H3b",-1,-0.1906,-0.0935,-0.4003,0.1985,0.26575
"effects",180,3,1000,455,23,TRUE,"H4",1,0.2969,0.2411,-0.0639,0.5441,0.933
"effects",180,3,1000,455,23,TRUE,"null:sleep_efficiency",1,0,0.0022,-0.0785,0.1199,0.5625
"effects",180,3,1000,455,23,TRUE,"null:hrv_ms",1,0,-6e-04,-0.1044,0.0862,0.4775
"effects",180,3,1000,455,23,TRUE,"null:resting_hr",1,0,6e-04,-0.0946,0.1036,0.52275
"effects",180,3,1000,455,23,TRUE,"null:skin_temp_dev_c",1,0,0.0041,-0.0659,0.133,0.6125
"effects",180,3,1000,455,23,TRUE,"null:exercise_min",1,0,-1e-04,-0.1024,0.0988,0.49275
"effects",180,3,1000,455,23,TRUE,"null:outdoor_min",1,0,0.0015,-0.0857,0.1209,0.55125
"effects",180,3,1000,455,23,TRUE,"null:caffeine_mg",1,0,0.0011,-0.0863,0.1094,0.533
"effects",180,3,1000,455,23,TRUE,"null:alcohol_units",1,0,-4e-04,-0.1024,0.1012,0.48375
"effects",180,3,1000,455,23,TRUE,"null:work_day",1,0,-0.0045,-0.1564,0.0702,0.39025
"effects",180,3,1000,455,23,TRUE,"null:travel",1,0,7e-04,-0.0885,0.1098,0.5245
"effects",180,3,1000,455,23,TRUE,"null:sick",1,0,-0.0029,-0.127,0.0773,0.4255
"effects",180,3,1000,455,23,TRUE,"null:temp_mean_c",1,0,-7e-04,-0.1155,0.0888,0.47375
"effects",180,3,1000,455,23,TRUE,"null:precipitation_mm",1,0,8e-04,-0.0834,0.0999,0.52625
"effects",180,3,1000,455,23,TRUE,"null:sunshine_hours",1,0,-0.0029,-0.1273,0.0704,0.4175
"effects",180,3,1000,455,23,TRUE,"null:daylight_hours",1,0,0.0028,-0.077,0.1319,0.56975
"effects",180,3,1000,455,23,TRUE,"null:pm25",1,0,0.005,-0.0679,0.1244,0.61825
"effects",180,3,1000,455,23,TRUE,"null:indoor_pm25",1,0,5e-04,-0.0953,0.1013,0.51875
"effects",180,3,1000,455,23,TRUE,"null:indoor_voc",1,0,3e-04,-0.0933,0.0992,0.5175
"effects",180,3,1000,455,23,TRUE,"H5",1,0.5,0.2293,-0.1632,0.5757,0.8835
"effects",180,4,1000,429,23,TRUE,"H1",1,0.3681,0.3385,0.0739,0.592,0.995
"effects",180,4,1000,429,23,TRUE,"H2",1,0.2912,0.177,-0.1428,0.4738,0.869
"effects",180,4,1000,429,23,TRUE,"H3a",-1,-0.204,-0.3668,-0.6546,-0.0566,0.009
"effects",180,4,1000,429,23,TRUE,"H3b",-1,-0.2223,0.0158,-0.2791,0.3035,0.5415
"effects",180,4,1000,429,23,TRUE,"H4",1,0.2778,-0.0088,-0.2682,0.264,0.47775
"effects",180,4,1000,429,23,TRUE,"null:sleep_efficiency",1,0,0.0064,-0.1901,0.2196,0.52975
"effects",180,4,1000,429,23,TRUE,"null:hrv_ms",1,0,0.1313,-0.0426,0.355,0.91025
"effects",180,4,1000,429,23,TRUE,"null:resting_hr",1,0,-0.072,-0.2881,0.0932,0.21375
"effects",180,4,1000,429,23,TRUE,"null:skin_temp_dev_c",1,0,0.0777,-0.1001,0.3023,0.79175
"effects",180,4,1000,429,23,TRUE,"null:exercise_min",1,0,-0.0115,-0.24,0.1992,0.44625
"effects",180,4,1000,429,23,TRUE,"null:outdoor_min",1,0,0.1395,-0.0604,0.4266,0.89925
"effects",180,4,1000,429,23,TRUE,"null:caffeine_mg",1,0,-0.0354,-0.2489,0.1679,0.35175
"effects",180,4,1000,429,23,TRUE,"null:alcohol_units",1,0,0.0428,-0.1404,0.2586,0.69
"effects",180,4,1000,429,23,TRUE,"null:work_day",1,0,-0.0065,-0.2417,0.2268,0.47125
"effects",180,4,1000,429,23,TRUE,"null:travel",1,0,0.0342,-0.1569,0.2381,0.641
"effects",180,4,1000,429,23,TRUE,"null:sick",1,0,0.0394,-0.148,0.2448,0.67475
"effects",180,4,1000,429,23,TRUE,"null:temp_mean_c",1,0,-0.0337,-0.2637,0.1751,0.3585
"effects",180,4,1000,429,23,TRUE,"null:precipitation_mm",1,0,-0.0448,-0.2365,0.1226,0.29775
"effects",180,4,1000,429,23,TRUE,"null:sunshine_hours",1,0,-0.1121,-0.3269,0.0581,0.12425
"effects",180,4,1000,429,23,TRUE,"null:daylight_hours",1,0,-0.0929,-0.3595,0.1024,0.1625
"effects",180,4,1000,429,23,TRUE,"null:pm25",1,0,0.265,0.0153,0.5165,0.9885
"effects",180,4,1000,429,23,TRUE,"null:indoor_pm25",1,0,-0.0422,-0.2399,0.1277,0.3095
"effects",180,4,1000,429,23,TRUE,"null:indoor_voc",1,0,0.0281,-0.1611,0.2273,0.62775
"effects",180,4,1000,429,23,TRUE,"H5",1,0.5,0.2754,-0.5137,0.8201,0.77075
"effects",180,5,1000,448,23,TRUE,"H1",1,0.3876,0.2738,0.0354,0.5159,0.98525
"effects",180,5,1000,448,23,TRUE,"H2",1,0.2679,0.1824,-0.0364,0.4242,0.94625
"effects",180,5,1000,448,23,TRUE,"H3a",-1,-0.176,-0.1603,-0.441,0.1109,0.13075
"effects",180,5,1000,448,23,TRUE,"H3b",-1,-0.1869,-0.2172,-0.4703,0.0584,0.05825
"effects",180,5,1000,448,23,TRUE,"H4",1,0.2802,0.3344,0.0609,0.5919,0.99025
"effects",180,5,1000,448,23,TRUE,"null:sleep_efficiency",1,0,0.0063,-0.0605,0.1497,0.62925
"effects",180,5,1000,448,23,TRUE,"null:hrv_ms",1,0,-1e-04,-0.1038,0.0901,0.49475
"effects",180,5,1000,448,23,TRUE,"null:resting_hr",1,0,1e-04,-0.088,0.0929,0.5045
"effects",180,5,1000,448,23,TRUE,"null:skin_temp_dev_c",1,0,-9e-04,-0.0973,0.085,0.4745
"effects",180,5,1000,448,23,TRUE,"null:exercise_min",1,0,-0.005,-0.1386,0.0731,0.39625
"effects",180,5,1000,448,23,TRUE,"null:outdoor_min",1,0,-0.0011,-0.1113,0.089,0.4645
"effects",180,5,1000,448,23,TRUE,"null:caffeine_mg",1,0,5e-04,-0.0885,0.1032,0.514
"effects",180,5,1000,448,23,TRUE,"null:alcohol_units",1,0,-7e-04,-0.0968,0.0936,0.481
"effects",180,5,1000,448,23,TRUE,"null:work_day",1,0,-6e-04,-0.1161,0.0895,0.48075
"effects",180,5,1000,448,23,TRUE,"null:travel",1,0,-0.001,-0.1092,0.0847,0.4655
"effects",180,5,1000,448,23,TRUE,"null:sick",1,0,-0.0059,-0.1302,0.0651,0.373
"effects",180,5,1000,448,23,TRUE,"null:temp_mean_c",1,0,-0.0034,-0.1327,0.0705,0.42
"effects",180,5,1000,448,23,TRUE,"null:precipitation_mm",1,0,-0.0127,-0.1658,0.0436,0.31275
"effects",180,5,1000,448,23,TRUE,"null:sunshine_hours",1,0,-0.0046,-0.1181,0.0673,0.3905
"effects",180,5,1000,448,23,TRUE,"null:daylight_hours",1,0,3e-04,-0.0888,0.1082,0.51275
"effects",180,5,1000,448,23,TRUE,"null:pm25",1,0,0,-0.0956,0.093,0.50225
"effects",180,5,1000,448,23,TRUE,"null:indoor_pm25",1,0,0.0022,-0.082,0.1138,0.55475
"effects",180,5,1000,448,23,TRUE,"null:indoor_voc",1,0,0.0076,-0.0516,0.1507,0.6525
"effects",180,5,1000,448,23,TRUE,"H5",1,0.5,0.621,0.0645,0.8862,0.9845
"effects",180,6,1000,450,23,TRUE,"H1",1,0.3695,0.5196,0.2341,0.7929,1
"effects",180,6,1000,450,23,TRUE,"H2",1,0.306,0.1641,-0.1165,0.4681,0.86575
"effects",180,6,1000,450,23,TRUE,"H3a",-1,-0.1933,-0.1093,-0.4017,0.1932,0.2285
"effects",180,6,1000,450,23,TRUE,"H3b",-1,-0.216,-0.2351,-0.5112,0.0433,0.05725
"effects",180,6,1000,450,23,TRUE,"H4",1,0.3099,0.579,0.2816,0.8757,0.99975
"effects",180,6,1000,450,23,TRUE,"null:sleep_efficiency",1,0,-8e-04,-0.1427,0.1382,0.48275
"effects",180,6,1000,450,23,TRUE,"null:hrv_ms",1,0,0.0015,-0.1233,0.1337,0.52525
"effects",180,6,1000,450,23,TRUE,"null:resting_hr",1,0,-9e-04,-0.1347,0.122,0.487
"effects",180,6,1000,450,23,TRUE,"null:skin_temp_dev_c",1,0,0.0081,-0.1011,0.1707,0.6115
"effects",180,6,1000,450,23,TRUE,"null:exercise_min",1,0,-0.0104,-0.2293,0.0959,0.37025
"effects",180,6,1000,450,23,TRUE,"null:outdoor_min",1,0,-0.0068,-0.1774,0.1136,0.404
"effects",180,6,1000,450,23,TRUE,"null:caffeine_mg",1,0,-0.0202,-0.2305,0.0707,0.30575
"effects",180,6,1000,450,23,TRUE,"null:alcohol_units",1,0,-0.0015,-0.1405,0.1237,0.472
"effects",180,6,1000,450,23,TRUE,"null:work_day",1,0,-0.0057,-0.1718,0.1196,0.42675
"effects",180,6,1000,450,23,TRUE,"null:travel",1,0,-0.0015,-0.1421,0.1218,0.46825
"effects",180,6,1000,450,23,TRUE,"null:sick",1,0,3e-04,-0.1453,0.1395,0.50925
"effects",180,6,1000,450,23,TRUE,"null:temp_mean_c",1,0,0.0042,-0.1163,0.161,0.56425
"effects",180,6,1000,450,23,TRUE,"null:precipitation_mm",1,0,0.0062,-0.0981,0.1489,0.59675
"effects",180,6,1000,450,23,TRUE,"null:sunshine_hours",1,0,0.0129,-0.0801,0.1855,0.6585
"effects",180,6,1000,450,23,TRUE,"null:daylight_hours",1,0,-0.0023,-0.1531,0.1272,0.4615
"effects",180,6,1000,450,23,TRUE,"null:pm25",1,0,-0.023,-0.2373,0.062,0.28275
"effects",180,6,1000,450,23,TRUE,"null:indoor_pm25",1,0,-0.0019,-0.1426,0.1195,0.46675
"effects",180,6,1000,450,23,TRUE,"null:indoor_voc",1,0,-0.0383,-0.2983,0.0408,0.20625
"effects",180,6,1000,450,23,TRUE,"H5",1,0.5,0.3837,0.0085,0.6917,0.97675
"effects",180,7,1000,438,23,TRUE,"H1",1,0.3846,0.6892,0.4179,0.9883,1
"effects",180,7,1000,438,23,TRUE,"H2",1,0.3394,0.5592,0.2638,0.8695,0.99975
"effects",180,7,1000,438,23,TRUE,"H3a",-1,-0.205,-0.1861,-0.5107,0.1276,0.123
"effects",180,7,1000,438,23,TRUE,"H3b",-1,-0.2198,-0.2011,-0.5056,0.1093,0.1095
"effects",180,7,1000,438,23,TRUE,"H4",1,0.3014,0.1428,-0.1442,0.42,0.83425
"effects",180,7,1000,438,23,TRUE,"null:sleep_efficiency",1,0,0.0024,-0.0883,0.1288,0.56025
"effects",180,7,1000,438,23,TRUE,"null:hrv_ms",1,0,-0.0063,-0.1553,0.0717,0.38175
"effects",180,7,1000,438,23,TRUE,"null:resting_hr",1,0,-0.0068,-0.1749,0.0724,0.373
"effects",180,7,1000,438,23,TRUE,"null:skin_temp_dev_c",1,0,0.0014,-0.1004,0.1248,0.53525
"effects",180,7,1000,438,23,TRUE,"null:exercise_min",1,0,6e-04,-0.1101,0.1274,0.5185
"effects",180,7,1000,438,23,TRUE,"null:outdoor_min",1,0,-0.0039,-0.1573,0.086,0.40875
"effects",180,7,1000,438,23,TRUE,"null:caffeine_mg",1,0,0.0037,-0.0867,0.148,0.58825
"effects",180,7,1000,438,23,TRUE,"null:alcohol_units",1,0,-0.0013,-0.1325,0.0976,0.4635
"effects",180,7,1000,438,23,TRUE,"null:work_day",1,0,0.0049,-0.0856,0.1694,0.5995
"effects",180,7,1000,438,23,TRUE,"null:travel",1,0,-8e-04,-0.1234,0.1034,0.47675
"effects",180,7,1000,438,23,TRUE,"null:sick",1,0,-1e-04,-0.1138,0.1048,0.49475
"effects",180,7,1000,438,23,TRUE,"null:temp_mean_c",1,0,0.0013,-0.1026,0.1338,0.53975
"effects",180,7,1000,438,23,TRUE,"null:precipitation_mm",1,0,-0.0064,-0.1561,0.0777,0.3745
"effects",180,7,1000,438,23,TRUE,"null:sunshine_hours",1,0,0.0011,-0.104,0.1127,0.52975
"effects",180,7,1000,438,23,TRUE,"null:daylight_hours",1,0,-0.0086,-0.1949,0.0599,0.34925
"effects",180,7,1000,438,23,TRUE,"null:pm25",1,0,0.0014,-0.0993,0.1251,0.53925
"effects",180,7,1000,438,23,TRUE,"null:indoor_pm25",1,0,8e-04,-0.1098,0.1265,0.52525
"effects",180,7,1000,438,23,TRUE,"null:indoor_voc",1,0,0.0015,-0.0937,0.1368,0.5415
"effects",180,7,1000,438,23,TRUE,"H5",1,0.5,0.5451,0.1734,0.7994,0.99575
"effects",180,8,1000,429,23,TRUE,"H1",1,0.3949,0.3939,0.1242,0.6621,0.9985
"effects",180,8,1000,429,23,TRUE,"H2",1,0.2671,0.2979,0.0466,0.5569,0.98775
"effects",180,8,1000,429,23,TRUE,"H3a",-1,-0.2056,-0.3632,-0.6523,-0.0828,0.00525
"effects",180,8,1000,429,23,TRUE,"H3b",-1,-0.1958,-0.213,-0.508,0.0753,0.0755
"effects",180,8,1000,429,23,TRUE,"H4",1,0.2642,0.1949,-0.074,0.4674,0.924
"effects",180,8,1000,429,23,TRUE,"null:sleep_efficiency",1,0,-0.0022,-0.126,0.0876,0.446
"effects",180,8,1000,429,23,TRUE,"null:hrv_ms",1,0,-5e-04,-0.114,0.1008,0.48275
"effects",180,8,1000,429,23,TRUE,"null:resting_hr",1,0,0.0078,-0.0668,0.1582,0.64925
"effects",180,8,1000,429,23,TRUE,"null:skin_temp_dev_c",1,0,-0.0076,-0.1604,0.0631,0.359
"effects",180,8,1000,429,23,TRUE,"null:exercise_min",1,0,-6e-04,-0.1167,0.1006,0.4795
"effects",180,8,1000,429,23,TRUE,"null:outdoor_min",1,0,-0.0041,-0.1327,0.0814,0.4125
"effects",180,8,1000,429,23,TRUE,"null:caffeine_mg",1,0,-0.0044,-0.1331,0.073,0.41075
"effects",180,8,1000,429,23,TRUE,"null:alcohol_units",1,0,0.0018,-0.0905,0.1199,0.54475
"effects",180,8,1000,429,23,TRUE,"null:work_day",1,0,0.0012,-0.1047,0.1208,0.53525
"effects",180,8,1000,429,23,TRUE,"null:travel",1,0,0,-0.1022,0.1056,0.49925
"effects",180,8,1000,429,23,TRUE,"null:sick",1,0,-0.0046,-0.1368,0.0768,0.402
"effects",180,8,1000,429,23,TRUE,"null:temp_mean_c",1,0,-0.0084,-0.1557,0.07,0.36175
"effects",180,8,1000,429,23,TRUE,"null:precipitation_mm",1,0,0,-0.0993,0.0964,0.497
"effects",180,8,1000,429,23,TRUE,"null:sunshine_hours",1,0,-0.0014,-0.1131,0.0878,0.45675
"effects",180,8,1000,429,23,TRUE,"null:daylight_hours",1,0,-0.0083,-0.1516,0.0692,0.3575
"effects",180,8,1000,429,23,TRUE,"null:pm25",1,0,-0.0057,-0.1442,0.0749,0.3865
"effects",180,8,1000,429,23,TRUE,"null:indoor_pm25",1,0,0.0018,-0.0954,0.116,0.544
"effects",180,8,1000,429,23,TRUE,"null:indoor_voc",1,0,-0.0033,-0.1341,0.0825,0.427
"effects",180,8,1000,429,23,TRUE,"H5",1,0.5,0.4793,-0.1508,0.767,0.959
"effects",180,9,1000,428,23,TRUE,"H1",1,0.3323,0.536,0.2947,0.7771,1
"effects",180,9,1000,428,23,TRUE,"H2",1,0.2968,0.1489,-0.1089,0.4282,0.8705
"effects",180,9,1000,428,23,TRUE,"H3a",-1,-0.2189,-0.2114,-0.5143,0.1105,0.099
"effects",180,9,1000,428,23,TRUE,"H3b",-1,-0.2169,-0.2445,-0.5309,0.0439,0.04825
"effects",180,9,1000,428,23,TRUE,"H4",1,0.3033,0.317,0.0409,0.5875,0.98725
"effects",180,9,1000,428,23,TRUE,"null:sleep_efficiency",1,0,-0.002,-0.1473,0.1233,0.46325
"effects",180,9,1000,428,23,TRUE,"null:hrv_ms",1,0,-0.0034,-0.132,0.1123,0.441
"effects",180,9,1000,428,23,TRUE,"null:resting_hr",1,0,0.0192,-0.0737,0.1963,0.696
"effects",180,9,1000,428,23,TRUE,"null:skin_temp_dev_c",1,0,0.0082,-0.0921,0.1594,0.60925
"effects",180,9,1000,428,23,TRUE,"null:exercise_min",1,0,-0.0047,-0.1647,0.1103,0.428
"effects",180,9,1000,428,23,TRUE,"null:outdoor_min",1,0,-0.0135,-0.193,0.0789,0.34675
"effects",180,9,1000,428,23,TRUE,"null:caffeine_mg",1,0,7e-04,-0.1244,0.1346,0.51625
"effects",180,9,1000,428,23,TRUE,"null:alcohol_units",1,0,0.01,-0.0903,0.1726,0.6335
"effects",180,9,1000,428,23,TRUE,"null:work_day",1,0,-1e-04,-0.1349,0.1442,0.497
"effects",180,9,1000,428,23,TRUE,"null:travel",1,0,-0.0065,-0.1618,0.103,0.40025
"effects",180,9,1000,428,23,TRUE,"null:sick",1,0,-0.0139,-0.2298,0.0866,0.3495
"effects",180,9,1000,428,23,TRUE,"null:temp_mean_c",1,0,-0.0014,-0.1432,0.1229,0.47075
"effects",180,9,1000,428,23,TRUE,"null:precipitation_mm",1,0,-0.0425,-0.251,0.0343,0.19225
"effects",180,9,1000,428,23,TRUE,"null:sunshine_hours",1,0,-0.0112,-0.1682,0.0836,0.364
"effects",180,9,1000,428,23,TRUE,"null:daylight_hours",1,0,0.005,-0.1081,0.1597,0.57375
"effects",180,9,1000,428,23,TRUE,"null:pm25",1,0,0.0212,-0.0582,0.2018,0.71775
"effects",180,9,1000,428,23,TRUE,"null:indoor_pm25",1,0,-0.0013,-0.1414,0.1206,0.475
"effects",180,9,1000,428,23,TRUE,"null:indoor_voc",1,0,-0.0068,-0.1636,0.0968,0.40175
"effects",180,9,1000,428,23,TRUE,"H5",1,0.5,0.2812,-0.2521,0.6476,0.8915
"effects",180,10,1000,437,23,TRUE,"H1",1,0.3872,0.4937,0.2491,0.7484,1
"effects",180,10,1000,437,23,TRUE,"H2",1,0.2906,0.3385,0.0677,0.615,0.99125
"effects",180,10,1000,437,23,TRUE,"H3a",-1,-0.1934,-0.2883,-0.587,0.0043,0.027
"effects",180,10,1000,437,23,TRUE,"H3b",-1,-0.1903,-0.2532,-0.525,0.0274,0.03575
"effects",180,10,1000,437,23,TRUE,"H4",1,0.2928,0.3787,0.1031,0.6553,0.99625
"effects",180,10,1000,437,23,TRUE,"null:sleep_efficiency",1,0,0.013,-0.0801,0.1905,0.65225
"effects",180,10,1000,437,23,TRUE,"null:hrv_ms",1,0,0.003,-0.1141,0.1401,0.54875
"effects",180,10,1000,437,23,TRUE,"null:resting_hr",1,0,-0.0025,-0.1406,0.1191,0.46375
"effects",180,10,1000,437,23,TRUE,"null:skin_temp_dev_c",1,0,-0.0101,-0.1779,0.0903,0.387
"effects",180,10,1000,437,23,TRUE,"null:exercise_min",1,0,0.0057,-0.1084,0.1791,0.58
"effects",180,10,1000,437,23,TRUE,"null:outdoor_min",1,0,-0.0017,-0.1603,0.1178,0.46925
"effects",180,10,1000,437,23,TRUE,"null:caffeine_mg",1,0,0.0028,-0.1224,0.152,0.547
"effects",180,10,1000,437,23,TRUE,"null:alcohol_units",1,0,-0.0059,-0.168,0.1219,0.42175
"effects",180,10,1000,437,23,TRUE,"null:work_day",1,0,-0.0206,-0.2516,0.0762,0.29725
"effects",180,10,1000,437,23,TRUE,"null:travel",1,0,5e-04,-0.1276,0.1461,0.5125
"effects",180,10,1000,437,23,TRUE,"null:sick",1,0,0.0325,-0.0578,0.2796,0.74875
"effects",180,10,1000,437,23,TRUE,"null:temp_mean_c",1,0,0.0114,-0.09,0.1887,0.635
"effects",180,10,1000,437,23,TRUE,"null:precipitation_mm",1,0,-0.0324,-0.2378,0.0451,0.227
"effects",180,10,1000,437,23,TRUE,"null:sunshine_hours",1,0,0.0104,-0.0875,0.1648,0.63575
"effects",180,10,1000,437,23,TRUE,"null:daylight_hours",1,0,0.0149,-0.0909,0.21,0.66575
"effects",180,10,1000,437,23,TRUE,"null:pm25",1,0,0.001,-0.1264,0.1376,0.523
"effects",180,10,1000,437,23,TRUE,"null:indoor_pm25",1,0,-0.0155,-0.1929,0.0779,0.33
"effects",180,10,1000,437,23,TRUE,"null:indoor_voc",1,0,0.0107,-0.0964,0.1878,0.63475
"effects",180,10,1000,437,23,TRUE,"H5",1,0.5,0.6513,-0.0129,0.885,0.97325
"effects",180,11,1000,439,23,TRUE,"H1",1,0.3716,0.3695,0.1367,0.6118,0.9995
"effects",180,11,1000,439,23,TRUE,"H2",1,0.293,0.3516,0.0918,0.599,0.99675
"effects",180,11,1000,439,23,TRUE,"H3a",-1,-0.1964,-0.2683,-0.5452,0.0034,0.02725
"effects",180,11,1000,439,23,TRUE,"H3b",-1,-0.2126,-0.0076,-0.276,0.2554,0.47625
"effects",180,11,1000,439,23,TRUE,"H4",1,0.3074,0.1894,-0.082,0.4633,0.913
"effects",180,11,1000,439,23,TRUE,"null:sleep_efficiency",1,0,0.0058,-0.0686,0.1529,0.62225
"effects",180,11,1000,439,23,TRUE,"null:hrv_ms",1,0,0.0037,-0.0809,0.1252,0.579
"effects",180,11,1000,439,23,TRUE,"null:resting_hr",1,0,-0.0027,-0.1204,0.0829,0.43425
"effects",180,11,1000,439,23,TRUE,"null:skin_temp_dev_c",1,0,-0.0067,-0.15,0.0633,0.3665
"effects",180,11,1000,439,23,TRUE,"null:exercise_min",1,0,0.0068,-0.0725,0.1734,0.6265
"effects",180,11,1000,439,23,TRUE,"null:outdoor_min",1,0,2e-04,-0.1019,0.1091,0.51025
"effects",180,11,1000,439,23,TRUE,"null:caffeine_mg",1,0,0.008,-0.0623,0.1655,0.6425
"effects",180,11,1000,439,23,TRUE,"null:alcohol_units",1,0,-0.001,-0.1142,0.0893,0.46975
"effects",180,11,1000,439,23,TRUE,"null:work_day",1,0,-0.0055,-0.1543,0.0778,0.39425
"effects",180,11,1000,439,23,TRUE,"null:travel",1,0,-0.0025,-0.1244,0.0878,0.44675
"effects",180,11,1000,439,23,TRUE,"null:sick",1,0,6e-04,-0.0897,0.1176,0.52375
"effects",180,11,1000,439,23,TRUE,"null:temp_mean_c",1,0,0.0014,-0.0938,0.1145,0.547
"effects",180,11,1000,439,23,TRUE,"null:precipitation_mm",1,0,0.0052,-0.0733,0.1283,0.60825
"effects",180,11,1000,439,23,TRUE,"null:sunshine_hours",1,0,0.0019,-0.0861,0.1126,0.54775
"effects",180,11,1000,439,23,TRUE,"null:daylight_hours",1,0,0.0021,-0.0913,0.1242,0.55325
"effects",180,11,1000,439,23,TRUE,"null:pm25",1,0,0.0095,-0.0568,0.1664,0.66625
"effects",180,11,1000,439,23,TRUE,"null:indoor_pm25",1,0,5e-04,-0.0924,0.1033,0.519
"effects",180,11,1000,439,23,TRUE,"null:indoor_voc",1,0,0.0084,-0.0598,0.17,0.64825
"effects",180,11,1000,439,23,TRUE,"H5",1,0.5,0.5645,-0.0952,0.8561,0.9645
"effects",180,12,1000,426,23,TRUE,"H1",1,0.3459,0.2393,-0.0364,0.5032,0.95775
"effects",180,12,1000,426,23,TRUE,"H2",1,0.2997,0.1971,-0.0744,0.4788,0.91725
"effects",180,12,1000,426,23,TRUE,"H3a",-1,-0.2056,0.0476,-0.2276,0.3186,0.62025
"effects",180,12,1000,426,23,TRUE,"H3b",-1,-0.1949,-0.3261,-0.6315,-0.034,0.014
"effects",180,12,1000,426,23,TRUE,"H4",1,0.297,0.4055,0.1082,0.6932,0.99725
"effects",180,12,1000,426,23,TRUE,"null:sleep_efficiency",1,0,0.0118,-0.0837,0.1933,0.64275
"effects",180,12,1000,426,23,TRUE,"null:hrv_ms",1,0,-0.0044,-0.1552,0.115,0.42775
"effects",180,12,1000,426,23,TRUE,"null:resting_hr",1,0,0.0034,-0.112,0.1466,0.5595
"effects",180,12,1000,426,23,TRUE,"null:skin_temp_dev_c",1,0,0.0281,-0.0543,0.2453,0.74675
"effects",180,12,1000,426,23,TRUE,"null:exercise_min",1,0,-0.0102,-0.2004,0.0997,0.36775
"effects",180,12,1000,426,23,TRUE,"null:outdoor_min",1,0,0.0027,-0.1254,0.1618,0.55175
"effects",180,12,1000,426,23,TRUE,"null:caffeine_mg",1,0,-0.0068,-0.174,0.0961,0.4035
"effects",180,12,1000,426,23,TRUE,"null:alcohol_units",1,0,-0.0052,-0.1632,0.0997,0.42025
"effects",180,12,1000,426,23,TRUE,"null:work_day",1,0,0.0016,-0.1318,0.1614,0.535
"effects",180,12,1000,426,23,TRUE,"null:travel",1,0,0.0207,-0.0645,0.2329,0.70025
"effects",180,12,1000,426,23,TRUE,"null:sick",1,0,-0.0094,-0.1867,0.1011,0.38
"effects",180,12,1000,426,23,TRUE,"null:temp_mean_c",1,0,-0.008,-0.1792,0.1036,0.391
"effects",180,12,1000,426,23,TRUE,"null:precipitation_mm",1,0,-0.0079,-0.1733,0.0955,0.39925
"effects",180,12,1000,426,23,TRUE,"null:sunshine_hours",1,0,-0.0031,-0.1441,0.1148,0.44125
"effects",180,12,1000,426,23,TRUE,"null:daylight_hours",1,0,-0.0096,-0.1918,0.1037,0.37775
"effects",180,12,1000,426,23,TRUE,"null:pm25",1,0,-0.0088,-0.1857,0.0905,0.37975
"effects",180,12,1000,426,23,TRUE,"null:indoor_pm25",1,0,0.0078,-0.1067,0.1787,0.6025
"effects",180,12,1000,426,23,TRUE,"null:indoor_voc",1,0,0.0191,-0.0681,0.2432,0.69
"effects",180,12,1000,426,23,TRUE,"H5",1,0.5,0.4103,-0.1422,0.7643,0.935
"effects",180,13,1000,430,23,TRUE,"H1",1,0.3513,0.5023,0.2295,0.7749,0.99975
"effects",180,13,1000,430,23,TRUE,"H2",1,0.2665,0.1005,-0.1661,0.3662,0.76925
"effects",180,13,1000,430,23,TRUE,"H3a",-1,-0.201,-0.0385,-0.3558,0.263,0.4045
"effects",180,13,1000,430,23,TRUE,"H3b",-1,-0.2339,-0.2083,-0.5075,0.0945,0.084
"effects",180,13,1000,430,23,TRUE,"H4",1,0.2963,0.1003,-0.2278,0.4202,0.7285
"effects",180,13,1000,430,23,TRUE,"null:sleep_efficiency",1,0,0.0195,-0.0674,0.2258,0.701
"effects",180,13,1000,430,23,TRUE,"null:hrv_ms",1,0,0,-0.1234,0.1405,0.5005
"effects",180,13,1000,430,23,TRUE,"null:resting_hr",1,0,-0.0127,-0.2022,0.0739,0.337
"effects",180,13,1000,430,23,TRUE,"null:skin_temp_dev_c",1,0,0.0075,-0.0856,0.1722,0.61525
"effects",180,13,1000,430,23,TRUE,"null:exercise_min",1,0,0.0045,-0.1063,0.1761,0.57325
"effects",180,13,1000,430,23,TRUE,"null:outdoor_min",1,0,0.0058,-0.1005,0.1773,0.59
"effects",180,13,1000,430,23,TRUE,"null:caffeine_mg",1,0,-3e-04,-0.1459,0.1385,0.49425
"effects",180,13,1000,430,23,TRUE,"null:alcohol_units",1,0,0.0024,-0.1222,0.1528,0.54675
"effects",180,13,1000,430,23,TRUE,"null:work_day",1,0,0.0019,-0.1283,0.1583,0.5365
"effects",180,13,1000,430,23,TRUE,"null:travel",1,0,0.027,-0.0552,0.2715,0.742
"effects",180,13,1000,430,23,TRUE,"null:sick",1,0,-0.0034,-0.1745,0.1176,0.4395
"effects",180,13,1000,430,23,TRUE,"null:temp_mean_c",1,0,0.0039,-0.1234,0.1554,0.5685
"effects",180,13,1000,430,23,TRUE,"null:precipitation_mm",1,0,0.0084,-0.086,0.1658,0.617
"effects",180,13,1000,430,23,TRUE,"null:sunshine_hours",1,0,-0.0129,-0.1874,0.0755,0.34825
"effects",180,13,1000,430,23,TRUE,"null:daylight_hours",1,0,0.0033,-0.1134,0.1613,0.56175
"effects",180,13,1000,430,23,TRUE,"null:pm25",1,0,0.0123,-0.082,0.1843,0.658
"effects",180,13,1000,430,23,TRUE,"null:indoor_pm25",1,0,0.0019,-0.1242,0.1423,0.53625
"effects",180,13,1000,430,23,TRUE,"null:indoor_voc",1,0,0.0092,-0.0884,0.18,0.6235
"effects",180,13,1000,430,23,TRUE,"H5",1,0.5,0.338,-0.0771,0.681,0.94975
"effects",180,14,1000,423,23,TRUE,"H1",1,0.3891,0.3171,0.0669,0.5691,0.99425
"effects",180,14,1000,423,23,TRUE,"H2",1,0.2909,0.2112,-0.0356,0.4518,0.95125
"effects",180,14,1000,423,23,TRUE,"H3a",-1,-0.2188,0.1111,-0.1614,0.3836,0.79025
"effects",180,14,1000,423,23,TRUE,"H3b",-1,-0.2191,-0.4098,-0.6592,-0.159,0.00025
"effects",180,14,1000,423,23,TRUE,"H4",1,0.2844,0.2205,-0.0474,0.4844,0.9455
"effects",180,14,1000,423,23,TRUE,"null:sleep_efficiency",1,0,0.0096,-0.0621,0.1786,0.6525
"effects",180,14,1000,423,23,TRUE,"null:hrv_ms",1,0,-2e-04,-0.1081,0.1045,0.49425
"effects",180,14,1000,423,23,TRUE,"null:resting_hr",1,0,-0.0074,-0.1451,0.0732,0.38425
"effects",180,14,1000,423,23,TRUE,"null:skin_temp_dev_c",1,0,0.0113,-0.0601,0.1687,0.6785
"effects",180,14,1000,423,23,TRUE,"null:exercise_min",1,0,0.0011,-0.1026,0.1266,0.529
"effects",180,14,1000,423,23,TRUE,"null:outdoor_min",1,0,4e-04,-0.1107,0.123,0.51475
"effects",180,14,1000,423,23,TRUE,"null:caffeine_mg",1,0,-2e-04,-0.1085,0.1107,0.49325
"effects",180,14,1000,423,23,TRUE,"null:alcohol_units",1,0,-0.0069,-0.1596,0.073,0.3905
"effects",180,14,1000,423,23,TRUE,"null:work_day",1,0,-0.0019,-0.122,0.1033,0.45275
"effects",180,14,1000,423,23,TRUE,"null:travel",1,0,-0.0065,-0.1453,0.0759,0.38975
"effects",180,14,1000,423,23,TRUE,"null:sick",1,0,0.0016,-0.0964,0.1176,0.543
"effects",180,14,1000,423,23,TRUE,"null:temp_mean_c",1,0,0.0048,-0.0839,0.1459,0.5925
"effects",180,14,1000,423,23,TRUE,"null:precipitation_mm",1,0,0.0049,-0.0785,0.1353,0.5955
"effects",180,14,1000,423,23,TRUE,"null:sunshine_hours",1,0,0.0121,-0.0613,0.1731,0.6615
"effects",180,14,1000,423,23,TRUE,"null:daylight_hours",1,0,-0.0026,-0.1385,0.0889,0.44225
"effects",180,14,1000,423,23,TRUE,"null:pm25",1,0,-9e-04,-0.1187,0.095,0.47525
"effects",180,14,1000,423,23,TRUE,"null:indoor_pm25",1,0,0.0124,-0.0538,0.1766,0.68125
"effects",180,14,1000,423,23,TRUE,"null:indoor_voc",1,0,-0.0074,-0.1556,0.0687,0.3765
"effects",180,14,1000,423,23,TRUE,"H5",1,0.5,0.484,-0.0709,0.8094,0.964
"effects",180,15,1000,431,22,TRUE,"H1",1,0.3865,0.4896,0.2158,0.7838,0.99975
"effects",180,15,1000,431,22,TRUE,"H2",1,0.2918,0.4119,0.0973,0.7246,0.9955
"effects",180,15,1000,431,22,TRUE,"H3a",-1,-0.2104,-0.2836,-0.5692,0.0141,0.033
"effects",180,15,1000,431,22,TRUE,"H3b",-1,-0.1789,0.1603,-0.1432,0.4623,0.8475
"effects",180,15,1000,431,22,TRUE,"H4",1,0.2676,0.2225,-0.0754,0.507,0.92475
"effects",180,15,1000,431,22,TRUE,"null:sleep_efficiency",1,0,0.0425,-0.0716,0.2695,0.76575
"effects",180,15,1000,431,22,TRUE,"null:hrv_ms",1,0,-0.0303,-0.2297,0.0939,0.2995
"effects",180,15,1000,431,22,TRUE,"null:resting_hr",1,0,-0.046,-0.2742,0.0649,0.2225
"effects",180,15,1000,431,22,TRUE,"null:skin_temp_dev_c",1,0,0.0261,-0.097,0.2259,0.684
"effects",180,15,1000,431,22,TRUE,"null:exercise_min",1,0,0.0152,-0.1396,0.2313,0.61675
"effects",180,15,1000,431,22,TRUE,"null:outdoor_min",1,0,-0.054,-0.3533,0.0709,0.21275
"effects",180,15,1000,431,22,TRUE,"null:caffeine_mg",1,0,0.0111,-0.1298,0.22,0.60175
"effects",180,15,1000,431,22,TRUE,"null:alcohol_units",1,0,-0.0159,-0.2188,0.1259,0.371
"effects",180,15,1000,431,22,TRUE,"null:work_day",1,0,0.006,-0.1604,0.1928,0.55675
"effects",180,15,1000,431,22,TRUE,"null:travel",1,0,-0.0329,-0.2577,0.0969,0.27825
"effects",180,15,1000,431,22,TRUE,"null:temp_mean_c",1,0,-0.0221,-0.2152,0.1125,0.3315
"effects",180,15,1000,431,22,TRUE,"null:precipitation_mm",1,0,0.0246,-0.0877,0.2125,0.68575
"effects",180,15,1000,431,22,TRUE,"null:sunshine_hours",1,0,-0.0111,-0.1643,0.1238,0.398
"effects",180,15,1000,431,22,TRUE,"null:daylight_hours",1,0,-0.0371,-0.2417,0.088,0.26925
"effects",180,15,1000,431,22,TRUE,"null:pm25",1,0,-0.0403,-0.2704,0.0738,0.2515
"effects",180,15,1000,431,22,TRUE,"null:indoor_pm25",1,0,0.0076,-0.1489,0.1878,0.56875
"effects",180,15,1000,431,22,TRUE,"null:indoor_voc",1,0,-0.0163,-0.205,0.1202,0.3695
"effects",180,15,1000,431,22,TRUE,"H5",1,0.5,0.3485,-0.2606,0.674,0.92075
"effects",180,16,1000,423,23,TRUE,"H1",1,0.3273,0.3665,0.1096,0.6326,0.99625
"effects",180,16,1000,423,23,TRUE,"H2",1,0.2733,0.1488,-0.1228,0.4107,0.87025
"effects",180,16,1000,423,23,TRUE,"H3a",-1,-0.2288,-0.2271,-0.5437,0.1213,0.0895
"effects",180,16,1000,423,23,TRUE,"H3b",-1,-0.2083,-0.1243,-0.4354,0.1865,0.20175
"effects",180,16,1000,423,23,TRUE,"H4",1,0.2946,0.1691,-0.1265,0.4557,0.86925
"effects",180,16,1000,423,23,TRUE,"null:sleep_efficiency",1,0,-0.0069,-0.1579,0.0744,0.37525
"effects",180,16,1000,423,23,TRUE,"null:hrv_ms",1,0,0.0053,-0.0723,0.1444,0.604
"effects",180,16,1000,423,23,TRUE,"null:resting_hr",1,0,0.0092,-0.064,0.1559,0.6625
"effects",180,16,1000,423,23,TRUE,"null:skin_temp_dev_c",1,0,-0.0012,-0.1171,0.0887,0.466
"effects",180,16,1000,423,23,TRUE,"null:exercise_min",1,0,-0.0016,-0.1222,0.0955,0.4605
"effects",180,16,1000,423,23,TRUE,"null:outdoor_min",1,0,0.0047,-0.0743,0.1473,0.60325
"effects",180,16,1000,423,23,TRUE,"null:caffeine_mg",1,0,6e-04,-0.1009,0.108,0.519
"effects",180,16,1000,423,23,TRUE,"null:alcohol_units",1,0,0.0021,-0.0911,0.1193,0.5515
"effects",180,16,1000,423,23,TRUE,"null:work_day",1,0,0,-0.1108,0.114,0.50025
"effects",180,16,1000,423,23,TRUE,"null:travel",1,0,-6e-04,-0.123,0.0989,0.4775
"effects",180,16,1000,423,23,TRUE,"null:sick",1,0,-8e-04,-0.115,0.0957,0.472
"effects",180,16,1000,423,23,TRUE,"null:temp_mean_c",1,0,0.0036,-0.0878,0.129,0.57725
"effects",180,16,1000,423,23,TRUE,"null:precipitation_mm",1,0,0.0095,-0.0622,0.1476,0.65375
"effects",180,16,1000,423,23,TRUE,"null:sunshine_hours",1,0,0.0082,-0.0656,0.1485,0.6445
"effects",180,16,1000,423,23,TRUE,"null:daylight_hours",1,0,0.0037,-0.0813,0.1344,0.58275
"effects",180,16,1000,423,23,TRUE,"null:pm25",1,0,0.001,-0.0947,0.1188,0.525
"effects",180,16,1000,423,23,TRUE,"null:indoor_pm25",1,0,-2e-04,-0.1138,0.1037,0.492
"effects",180,16,1000,423,23,TRUE,"null:indoor_voc",1,0,-3e-04,-0.1096,0.1058,0.48575
"effects",180,16,1000,423,23,TRUE,"H5",1,0.5,0.434,-0.0014,0.7604,0.97425
"effects",180,17,1000,447,23,FALSE,"H1",1,0.3886,0.2491,0.0072,0.4806,0.979
"effects",180,17,1000,447,23,FALSE,"H2",1,0.2618,0.0751,-0.1621,0.3266,0.72625
"effects",180,17,1000,447,23,FALSE,"H3a",-1,-0.2091,-0.1887,-0.4371,0.06,0.06675
"effects",180,17,1000,447,23,FALSE,"H3b",-1,-0.1774,-0.101,-0.3431,0.138,0.20075
"effects",180,17,1000,447,23,FALSE,"H4",1,0.2997,0.3405,0.0944,0.6011,0.9955
"effects",180,17,1000,447,23,FALSE,"null:sleep_efficiency",1,0,-0.0445,-0.2329,0.0826,0.2405
"effects",180,17,1000,447,23,FALSE,"null:hrv_ms",1,0,-0.083,-0.3008,0.0418,0.12475
"effects",180,17,1000,447,23,FALSE,"null:resting_hr",1,0,0.0466,-0.0744,0.2406,0.77275
"effects",180,17,1000,447,23,FALSE,"null:skin_temp_dev_c",1,0,-1e-04,-0.14,0.1358,0.49825
"effects",180,17,1000,447,23,FALSE,"null:exercise_min",1,0,-0.0605,-0.2808,0.0703,0.19675
"effects",180,17,1000,447,23,FALSE,"null:outdoor_min",1,0,0.0043,-0.1496,0.1717,0.537
"effects",180,17,1000,447,23,FALSE,"null:caffeine_mg",1,0,0.0018,-0.1441,0.1565,0.51825
"effects",180,17,1000,447,23,FALSE,"null:alcohol_units",1,0,-0.0015,-0.1492,0.1544,0.4805
"effects",180,17,1000,447,23,FALSE,"null:work_day",1,0,0.0073,-0.1523,0.1849,0.556
"effects",180,17,1000,447,23,FALSE,"null:travel",1,0,-0.0016,-0.1623,0.1572,0.48525
"effects",180,17,1000,447,23,FALSE,"null:sick",1,0,0.0014,-0.146,0.1518,0.51225
"effects",180,17,1000,447,23,FALSE,"null:temp_mean_c",1,0,-0.0324,-0.23,0.0934,0.29225
"effects",180,17,1000,447,23,FALSE,"null:precipitation_mm",1,0,0.0335,-0.0867,0.2042,0.71125
"effects",180,17,1000,447,23,FALSE,"null:sunshine_hours",1,0,4e-04,-0.1346,0.1488,0.507
"effects",180,17,1000,447,23,FALSE,"null:daylight_hours",1,0,0.0239,-0.1074,0.215,0.6625
"effects",180,17,1000,447,23,FALSE,"null:pm25",1,0,-0.0032,-0.1598,0.1321,0.47025
"effects",180,17,1000,447,23,FALSE,"null:indoor_pm25",1,0,0.0592,-0.0601,0.2613,0.80275
"effects",180,17,1000,447,23,FALSE,"null:indoor_voc",1,0,0.1025,-0.0292,0.3314,0.90425
"effects",180,17,1000,447,23,FALSE,"H5",1,0.5,0.2444,-0.691,0.731,0.74725
"effects",180,18,1000,433,23,TRUE,"H1",1,0.3485,0.2313,-0.021,0.4775,0.96425
"effects",180,18,1000,433,23,TRUE,"H2",1,0.2651,0.1596,-0.1269,0.4125,0.874
"effects",180,18,1000,433,23,TRUE,"H3a",-1,-0.1658,-0.224,-0.4795,0.015,0.035
"effects",180,18,1000,433,23,TRUE,"H3b",-1,-0.1867,-0.276,-0.532,-0.023,0.01625
"effects",180,18,1000,433,23,TRUE,"H4",1,0.2906,0.3533,0.0717,0.627,0.9915
"effects",180,18,1000,433,23,TRUE,"null:sleep_efficiency",1,0,-0.0087,-0.1655,0.1076,0.39775
"effects",180,18,1000,433,23,TRUE,"null:hrv_ms",1,0,0.0076,-0.1133,0.1632,0.586
"effects",180,18,1000,433,23,TRUE,"null:resting_hr",1,0,0.005,-0.1169,0.1505,0.557
"effects",180,18,1000,433,23,TRUE,"null:skin_temp_dev_c",1,0,0.0192,-0.0852,0.1755,0.6835
"effects",180,18,1000,433,23,TRUE,"null:exercise_min",1,0,0.0194,-0.0854,0.2002,0.671
"effects",180,18,1000,433,23,TRUE,"null:outdoor_min",1,0,0.0189,-0.0875,0.1936,0.6645
"effects",180,18,1000,433,23,TRUE,"null:caffeine_mg",1,0,0.0031,-0.1251,0.1536,0.53875
"effects",180,18,1000,433,23,TRUE,"null:alcohol_units",1,0,-0.0165,-0.1905,0.0932,0.35
"effects",180,18,1000,433,23,TRUE,"null:work_day",1,0,-0.0075,-0.1691,0.1238,0.422
"effects",180,18,1000,433,23,TRUE,"null:travel",1,0,0.011,-0.1019,0.1796,0.61075
"effects",180,18,1000,433,23,TRUE,"null:sick",1,0,-0.0153,-0.1719,0.1057,0.3575
"effects",180,18,1000,433,23,TRUE,"null:temp_mean_c",1,0,-0.0668,-0.2825,0.0362,0.1445
"effects",180,18,1000,433,23,TRUE,"null:precipitation_mm",1,0,0.0277,-0.0699,0.1848,0.73025
"effects",180,18,1000,433,23,TRUE,"null:sunshine_hours",1,0,0.0023,-0.118,0.1386,0.53075
"effects",180,18,1000,433,23,TRUE,"null:daylight_hours",1,0,-0.0466,-0.2342,0.0611,0.20825
"effects",180,18,1000,433,23,TRUE,"null:pm25",1,0,0.0156,-0.1003,0.172,0.64375
"effects",180,18,1000,433,23,TRUE,"null:indoor_pm25",1,0,0.0047,-0.1276,0.158,0.55275
"effects",180,18,1000,433,23,TRUE,"null:indoor_voc",1,0,-0.0043,-0.1478,0.1171,0.44525
"effects",180,18,1000,433,23,TRUE,"H5",1,0.5,0.3322,-0.4927,0.892,0.79
"effects",180,19,1000,442,23,TRUE,"H1",1,0.3401,0.2849,0.0311,0.5557,0.9835
"effects",180,19,1000,442,23,TRUE,"H2",1,0.2678,0.2853,0.0115,0.5635,0.981
"effects",180,19,1000,442,23,TRUE,"H3a",-1,-0.1577,-0.0303,-0.3469,0.2636,0.42125
"effects",180,19,1000,442,23,TRUE,"H3b",-1,-0.1948,0.1102,-0.1776,0.4047,0.767
"effects",180,19,1000,442,23,TRUE,"H4",1,0.303,0.3782,0.0761,0.6802,0.9925
"effects",180,19,1000,442,23,TRUE,"null:sleep_efficiency",1,0,0.0029,-0.1053,0.1421,0.55975
"effects",180,19,1000,442,23,TRUE,"null:hrv_ms",1,0,-0.0386,-0.2989,0.0336,0.19225
"effects",180,19,1000,442,23,TRUE,"null:resting_hr",1,0,0.005,-0.0955,0.148,0.581
"effects",180,19,1000,442,23,TRUE,"null:skin_temp_dev_c",1,0,-0.0053,-0.1538,0.0891,0.412
"effects",180,19,1000,442,23,TRUE,"null:exercise_min",1,0,0.0026,-0.11,0.1476,0.55025
"effects",180,19,1000,442,23,TRUE,"null:outdoor_min",1,0,-7e-04,-0.1408,0.1323,0.48325
"effects",180,19,1000,442,23,TRUE,"null:caffeine_mg",1,0,0.0033,-0.11,0.1406,0.56125
"effects",180,19,1000,442,23,TRUE,"null:alcohol_units",1,0,-0.0146,-0.1979,0.0743,0.32075
"effects",180,19,1000,442,23,TRUE,"null:work_day",1,0,-0.0018,-0.1641,0.1185,0.46075
"effects",180,19,1000,442,23,TRUE,"null:travel",1,0,0.002,-0.1206,0.1511,0.54175
"effects",180,19,1000,442,23,TRUE,"null:sick",1,0,-0.0053,-0.1494,0.1034,0.411
"effects",180,19,1000,442,23,TRUE,"null:temp_mean_c",1,0,0.0012,-0.1255,0.1553,0.5305
"effects",180,19,1000,442,23,TRUE,"null:precipitation_mm",1,0,-0.0092,-0.1583,0.0814,0.3705
"effects",180,19,1000,442,23,TRUE,"null:sunshine_hours",1,0,0.0046,-0.0974,0.1471,0.58425
"effects",180,19,1000,442,23,TRUE,"null:daylight_hours",1,0,5e-04,-0.1375,0.1345,0.51025
"effects",180,19,1000,442,23,TRUE,"null:pm25",1,0,-0.0071,-0.1759,0.0951,0.394
"effects",180,19,1000,442,23,TRUE,"null:indoor_pm25",1,0,0.0075,-0.0952,0.1774,0.61825
"effects",180,19,1000,442,23,TRUE,"null:indoor_voc",1,0,0.0011,-0.1213,0.139,0.528
"effects",180,19,1000,442,23,TRUE,"H5",1,0.5,0.6004,0.2411,0.8575,0.9985
"effects",180,20,1000,431,23,FALSE,"H1",1,0.367,0.4322,0.165,0.6956,0.99875
"effects",180,20,1000,431,23,FALSE,"H2",1,0.2835,0.2325,-0.0657,0.5003,0.93425
"effects",180,20,1000,431,23,FALSE,"H3a",-1,-0.1989,-0.1088,-0.3832,0.1538,0.22375
"effects",180,20,1000,431,23,FALSE,"H3b",-1,-0.1945,-0.2659,-0.5422,0.0047,0.02725
"effects",180,20,1000,431,23,FALSE,"H4",1,0.291,0.494,0.2232,0.766,0.99975
"effects",180,20,1000,431,23,FALSE,"null:sleep_efficiency",1,0,0.0029,-0.143,0.1762,0.5315
"effects",180,20,1000,431,23,FALSE,"null:hrv_ms",1,0,0.0198,-0.1055,0.2081,0.65825
"effects",180,20,1000,431,23,FALSE,"null:resting_hr",1,0,-0.0027,-0.157,0.1447,0.46825
"effects",180,20,1000,431,23,FALSE,"null:skin_temp_dev_c",1,0,0.0989,-0.0267,0.3632,0.89
"effects",180,20,1000,431,23,FALSE,"null:exercise_min",1,0,0.0514,-0.0679,0.3385,0.78075
"effects",180,20,1000,431,23,FALSE,"null:outdoor_min",1,0,-0.0038,-0.1778,0.1536,0.45525
"effects",180,20,1000,431,23,FALSE,"null:caffeine_mg",1,0,0.0337,-0.0851,0.257,0.72025
"effects",180,20,1000,431,23,FALSE,"null:alcohol_units",1,0,-0.0016,-0.1687,0.153,0.4795
"effects",180,20,1000,431,23,FALSE,"null:work_day",1,0,-0.0229,-0.2732,0.1059,0.32425
"effects",180,20,1000,431,23,FALSE,"null:travel",1,0,-0.008,-0.1889,0.1369,0.42225
"effects",180,20,1000,431,23,FALSE,"null:sick",1,0,-0.0187,-0.2144,0.107,0.353
"effects",180,20,1000,431,23,FALSE,"null:temp_mean_c",1,0,-0.0023,-0.1905,0.1511,0.475
"effects",180,20,1000,431,23,FALSE,"null:precipitation_mm",1,0,0.0555,-0.0527,0.2737,0.8105
"effects",180,20,1000,431,23,FALSE,"null:sunshine_hours",1,0,-0.0047,-0.1537,0.1447,0.44725
"effects",180,20,1000,431,23,FALSE,"null:daylight_hours",1,0,5e-04,-0.1604,0.1807,0.51
"effects",180,20,1000,431,23,FALSE,"null:pm25",1,0,0.042,-0.0729,0.2475,0.757
"effects",180,20,1000,431,23,FALSE,"null:indoor_pm25",1,0,-0.0049,-0.1694,0.1555,0.444
"effects",180,20,1000,431,23,FALSE,"null:indoor_voc",1,0,0.0061,-0.1387,0.1862,0.56525
"effects",180,20,1000,431,23,FALSE,"H5",1,0.5,0.4316,-0.2247,0.7712,0.93125
"effects",180,21,1000,422,23,FALSE,"H1",1,0.3868,0.3554,0.0924,0.608,0.99675
"effects",180,21,1000,422,23,FALSE,"H2",1,0.2987,0.2479,-0.0707,0.5368,0.93775
"effects",180,21,1000,422,23,FALSE,"H3a",-1,-0.1945,-0.23,-0.5037,0.0648,0.057
"effects",180,21,1000,422,23,FALSE,"H3b",-1,-0.1827,-0.0954,-0.3627,0.1748,0.246
"effects",180,21,1000,422,23,FALSE,"H4",1,0.3058,0.3431,0.0607,0.6072,0.99175
"effects",180,21,1000,422,23,FALSE,"null:sleep_efficiency",1,0,-0.0132,-0.194,0.1414,0.4075
"effects",180,21,1000,422,23,FALSE,"null:hrv_ms",1,0,0.009,-0.1464,0.183,0.5675
"effects",180,21,1000,422,23,FALSE,"null:resting_hr",1,0,-0.0247,-0.2134,0.1188,0.33325
"effects",180,21,1000,422,23,FALSE,"null:skin_temp_dev_c",1,0,-0.0176,-0.1952,0.1212,0.372
"effects",180,21,1000,422,23,FALSE,"null:exercise_min",1,0,0.003,-0.1766,0.2047,0.52275
"effects",180,21,1000,422,23,FALSE,"null:outdoor_min",1,0,0.0778,-0.0727,0.3457,0.817
"effects",180,21,1000,422,23,FALSE,"null:caffeine_mg",1,0,0.0067,-0.164,0.185,0.5535
"effects",180,21,1000,422,23,FALSE,"null:alcohol_units",1,0,0.0863,-0.0522,0.3633,0.84175
"effects",180,21,1000,422,23,FALSE,"null:work_day",1,0,-0.0224,-0.2551,0.1399,0.3705
"effects",180,21,1000,422,23,FALSE,"null:travel",1,0,0.0175,-0.1407,0.2027,0.61475
"effects",180,21,1000,422,23,FALSE,"null:sick",1,0,-0.006,-0.1915,0.1556,0.44825
"effects",180,21,1000,422,23,FALSE,"null:temp_mean_c",1,0,0.009,-0.1738,0.1829,0.56425
"effects",180,21,1000,422,23,FALSE,"null:precipitation_mm",1,0,-0.05,-0.2613,0.0858,0.22725
"effects",180,21,1000,422,23,FALSE,"null:sunshine_hours",1,0,0.1042,-0.0353,0.3474,0.89125
"effects",180,21,1000,422,23,FALSE,"null:daylight_hours",1,0,0.071,-0.074,0.3211,0.80825
"effects",180,21,1000,422,23,FALSE,"null:pm25",1,0,-0.0497,-0.2624,0.0914,0.2415
"effects",180,21,1000,422,23,FALSE,"null:indoor_pm25",1,0,-0.0106,-0.2087,0.1363,0.41875
"effects",180,21,1000,422,23,FALSE,"null:indoor_voc",1,0,-0.049,-0.2909,0.0913,0.2435
"effects",180,21,1000,422,23,FALSE,"H5",1,0.5,0.3695,-0.2681,0.7359,0.89875
"effects",180,22,1000,425,23,TRUE,"H1",1,0.386,0.3803,0.1401,0.6304,0.99875
"effects",180,22,1000,425,23,TRUE,"H2",1,0.2671,0.2115,-0.045,0.4659,0.94675
"effects",180,22,1000,425,23,TRUE,"H3a",-1,-0.1954,0.072,-0.2105,0.3491,0.6905
"effects",180,22,1000,425,23,TRUE,"H3b",-1,-0.2115,-0.2652,-0.5369,0.0186,0.03375
"effects",180,22,1000,425,23,TRUE,"H4",1,0.2986,0.2032,-0.083,0.4989,0.91975
"effects",180,22,1000,425,23,TRUE,"null:sleep_efficiency",1,0,0.0184,-0.0958,0.214,0.65375
"effects",180,22,1000,425,23,TRUE,"null:hrv_ms",1,0,0.0058,-0.1247,0.1641,0.57025
"effects",180,22,1000,425,23,TRUE,"null:resting_hr",1,0,-0.001,-0.1415,0.1238,0.4865
"effects",180,22,1000,425,23,TRUE,"null:skin_temp_dev_c",1,0,-0.0613,-0.2881,0.0441,0.1575
"effects",180,22,1000,425,23,TRUE,"null:exercise_min",1,0,0.0136,-0.1107,0.1893,0.62425
"effects",180,22,1000,425,23,TRUE,"null:outdoor_min",1,0,-1e-04,-0.1422,0.1537,0.49875
"effects",180,22,1000,425,23,TRUE,"null:caffeine_mg",1,0,0.0377,-0.0735,0.2373,0.748
"effects",180,22,1000,425,23,TRUE,"null:alcohol_units",1,0,-0.0088,-0.179,0.1214,0.40475
"effects",180,22,1000,425,23,TRUE,"null:work_day",1,0,0.025,-0.1062,0.2455,0.68675
"effects",180,22,1000,425,23,TRUE,"null:travel",1,0,0.0168,-0.1095,0.2022,0.6425
"effects",180,22,1000,425,23,TRUE,"null:sick",1,0,0.0035,-0.1446,0.1747,0.537
"effects",180,22,1000,425,23,TRUE,"null:temp_mean_c",1,0,-0.0207,-0.1853,0.1096,0.3315
"effects",180,22,1000,425,23,TRUE,"null:precipitation_mm",1,0,0.0129,-0.0976,0.1719,0.63025
"effects",180,22,1000,425,23,TRUE,"null:sunshine_hours",1,0,0.0503,-0.045,0.2646,0.7985
"effects",180,22,1000,425,23,TRUE,"null:daylight_hours",1,0,-0.0422,-0.2715,0.0641,0.22575
"effects",180,22,1000,425,23,TRUE,"null:pm25",1,0,0.0016,-0.123,0.1566,0.52125
"effects",180,22,1000,425,23,TRUE,"null:indoor_pm25",1,0,0.0213,-0.0906,0.2004,0.6805
"effects",180,22,1000,425,23,TRUE,"null:indoor_voc",1,0,-0.0105,-0.1681,0.118,0.40375
"effects",180,22,1000,425,23,TRUE,"H5",1,0.5,0.2209,-0.4825,0.6752,0.7705
"effects",180,23,1000,444,23,TRUE,"H1",1,0.3722,0.4021,0.1442,0.6596,0.9985
"effects",180,23,1000,444,23,TRUE,"H2",1,0.2663,0.0385,-0.2143,0.2938,0.617
"effects",180,23,1000,444,23,TRUE,"H3a",-1,-0.2072,-0.1508,-0.4363,0.1256,0.13925
"effects",180,23,1000,444,23,TRUE,"H3b",-1,-0.2011,-0.223,-0.5044,0.0552,0.06075
"effects",180,23,1000,444,23,TRUE,"H4",1,0.2848,0.0904,-0.1825,0.3751,0.7405
"effects",180,23,1000,444,23,TRUE,"null:sleep_efficiency",1,0,-0.0011,-0.1354,0.1191,0.47425
"effects",180,23,1000,444,23,TRUE,"null:hrv_ms",1,0,0.0067,-0.0945,0.1536,0.59575
"effects",180,23,1000,444,23,TRUE,"null:resting_hr",1,0,0.0237,-0.048,0.2296,0.742
"effects",180,23,1000,444,23,TRUE,"null:skin_temp_dev_c",1,0,-0.0027,-0.1288,0.1053,0.45125
"effects",180,23,1000,444,23,TRUE,"null:exercise_min",1,0,-0.0092,-0.1834,0.0853,0.37025
"effects",180,23,1000,444,23,TRUE,"null:outdoor_min",1,0,0.0071,-0.0889,0.1715,0.60525
"effects",180,23,1000,444,23,TRUE,"null:caffeine_mg",1,0,-0.0014,-0.1319,0.1166,0.47325
"effects",180,23,1000,444,23,TRUE,"null:alcohol_units",1,0,-0.0203,-0.2069,0.0606,0.291
"effects",180,23,1000,444,23,TRUE,"null:work_day",1,0,0.0034,-0.1043,0.1703,0.5665
"effects",180,23,1000,444,23,TRUE,"null:travel",1,0,-0.0041,-0.1602,0.1065,0.4325
"effects",180,23,1000,444,23,TRUE,"null:sick",1,0,-0.0018,-0.1505,0.1269,0.464
"effects",180,23,1000,444,23,TRUE,"null:temp_mean_c",1,0,-0.0022,-0.1404,0.1139,0.45175
"effects",180,23,1000,444,23,TRUE,"null:precipitation_mm",1,0,0.0081,-0.0807,0.1529,0.621
"effects",180,23,1000,444,23,TRUE,"null:sunshine_hours",1,0,0.0035,-0.0981,0.1528,0.5615
"effects",180,23,1000,444,23,TRUE,"null:daylight_hours",1,0,-0.0052,-0.1661,0.1078,0.41525
"effects",180,23,1000,444,23,TRUE,"null:pm25",1,0,0.0116,-0.0805,0.1784,0.65025
"effects",180,23,1000,444,23,TRUE,"null:indoor_pm25",1,0,0.002,-0.1153,0.136,0.5355
"effects",180,23,1000,444,23,TRUE,"null:indoor_voc",1,0,0.0141,-0.0696,0.1951,0.67125
"effects",180,23,1000,444,23,TRUE,"H5",1,0.5,0.5286,0.1966,0.7711,0.99775
"effects",180,24,1000,455,23,TRUE,"H1",1,0.3605,0.2373,-0.028,0.497,0.96475
"effects",180,24,1000,455,23,TRUE,"H2",1,0.2708,0.4406,0.1803,0.7187,0.99925
"effects",180,24,1000,455,23,TRUE,"H3a",-1,-0.1901,-0.3356,-0.6546,-0.0266,0.01675
"effects",180,24,1000,455,23,TRUE,"H3b",-1,-0.2051,-0.0582,-0.353,0.2244,0.34275
"effects",180,24,1000,455,23,TRUE,"H4",1,0.3006,0.3094,0.012,0.5924,0.9795
"effects",180,24,1000,455,23,TRUE,"null:sleep_efficiency",1,0,-6e-04,-0.1229,0.1083,0.4845
"effects",180,24,1000,455,23,TRUE,"null:hrv_ms",1,0,2e-04,-0.1151,0.1202,0.508
"effects",180,24,1000,455,23,TRUE,"null:resting_hr",1,0,0,-0.1177,0.1232,0.501
"effects",180,24,1000,455,23,TRUE,"null:skin_temp_dev_c",1,0,0.0044,-0.1005,0.1387,0.574
"effects",180,24,1000,455,23,TRUE,"null:exercise_min",1,0,-0.0124,-0.19,0.0763,0.343
"effects",180,24,1000,455,23,TRUE,"null:outdoor_min",1,0,-9e-04,-0.1394,0.1175,0.4835
"effects",180,24,1000,455,23,TRUE,"null:caffeine_mg",1,0,0.0052,-0.1046,0.1524,0.5795
"effects",180,24,1000,455,23,TRUE,"null:alcohol_units",1,0,0.0013,-0.1166,0.1364,0.5285
"effects",180,24,1000,455,23,TRUE,"null:work_day",1,0,8e-04,-0.1166,0.1379,0.51825
"effects",180,24,1000,455,23,TRUE,"null:travel",1,0,-8e-04,-0.1251,0.1109,0.48025
"effects",180,24,1000,455,23,TRUE,"null:sick",1,0,0.0036,-0.1048,0.147,0.56625
"effects",180,24,1000,455,23,TRUE,"null:temp_mean_c",1,0,0.0182,-0.0628,0.2104,0.713
"effects",180,24,1000,455,23,TRUE,"null:precipitation_mm",1,0,-0.0271,-0.2271,0.0439,0.2425
"effects",180,24,1000,455,23,TRUE,"null:sunshine_hours",1,0,-0.0016,-0.1288,0.1056,0.465
"effects",180,24,1000,455,23,TRUE,"null:daylight_hours",1,0,0.0036,-0.1148,0.1429,0.55525
"effects",180,24,1000,455,23,TRUE,"null:pm25",1,0,0.0206,-0.0506,0.2205,0.73
"effects",180,24,1000,455,23,TRUE,"null:indoor_pm25",1,0,-4e-04,-0.1284,0.1232,0.49025
"effects",180,24,1000,455,23,TRUE,"null:indoor_voc",1,0,0.0076,-0.0963,0.1614,0.615
"effects",180,24,1000,455,23,TRUE,"H5",1,0.5,0.2026,-0.3402,0.6529,0.77375
"effects",180,25,1000,420,23,TRUE,"H1",1,0.3568,0.4683,0.198,0.7231,1
"effects",180,25,1000,420,23,TRUE,"H2",1,0.2882,0.2145,-0.0555,0.4798,0.94575
"effects",180,25,1000,420,23,TRUE,"H3a",-1,-0.199,-0.0837,-0.3476,0.1952,0.27925
"effects",180,25,1000,420,23,TRUE,"H3b",-1,-0.1947,-0.0739,-0.3523,0.1883,0.29325
"effects",180,25,1000,420,23,TRUE,"H4",1,0.2961,0.375,0.0957,0.6529,0.99425
"effects",180,25,1000,420,23,TRUE,"null:sleep_efficiency",1,0,-0.002,-0.1193,0.0865,0.44725
"effects",180,25,1000,420,23,TRUE,"null:hrv_ms",1,0,0.0103,-0.0532,0.1621,0.6685
"effects",180,25,1000,420,23,TRUE,"null:resting_hr",1,0,-0.0068,-0.1434,0.0691,0.364
"effects",180,25,1000,420,23,TRUE,"null:skin_temp_dev_c",1,0,-0.0021,-0.1227,0.083,0.44825
"effects",180,25,1000,420,23,TRUE,"null:exercise_min",1,0,0.0013,-0.0979,0.1194,0.537
"effects",180,25,1000,420,23,TRUE,"null:outdoor_min",1,0,0.0034,-0.0856,0.1383,0.57725
"effects",180,25,1000,420,23,TRUE,"null:caffeine_mg",1,0,9e-04,-0.101,0.0994,0.5245
"effects",180,25,1000,420,23,TRUE,"null:alcohol_units",1,0,6e-04,-0.0936,0.1236,0.521
"effects",180,25,1000,420,23,TRUE,"null:work_day",1,0,-8e-04,-0.121,0.1045,0.4765
"effects",180,25,1000,420,23,TRUE,"null:travel",1,0,0.0024,-0.0858,0.1248,0.56375
"effects",180,25,1000,420,23,TRUE,"null:sick",1,0,3e-04,-0.0989,0.111,0.51225
"effects",180,25,1000,420,23,TRUE,"null:temp_mean_c",1,0,0.0082,-0.0631,0.1594,0.65075
"effects",180,25,1000,420,23,TRUE,"null:precipitation_mm",1,0,-0.0017,-0.1051,0.0877,0.458
"effects",180,25,1000,420,23,TRUE,"null:sunshine_hours",1,0,0.0014,-0.0951,0.1116,0.53675
"effects",180,25,1000,420,23,TRUE,"null:daylight_hours",1,0,-0.0013,-0.1223,0.092,0.459
"effects",180,25,1000,420,23,TRUE,"null:pm25",1,0,-0.005,-0.1419,0.0697,0.3875
"effects",180,25,1000,420,23,TRUE,"null:indoor_pm25",1,0,-0.0065,-0.1567,0.0697,0.378
"effects",180,25,1000,420,23,TRUE,"null:indoor_voc",1,0,-2e-04,-0.0956,0.1169,0.4915
"effects",180,25,1000,420,23,TRUE,"H5",1,0.5,0.4684,-0.0213,0.8031,0.97075
"effects",180,26,1000,443,23,TRUE,"H1",1,0.37,0.2947,0.0449,0.5434,0.99225
"effects",180,26,1000,443,23,TRUE,"H2",1,0.2817,0.2213,-0.0321,0.5005,0.95575
"effects",180,26,1000,443,23,TRUE,"H3a",-1,-0.2134,-0.3973,-0.7037,-0.0872,0.007
"effects",180,26,1000,443,23,TRUE,"H3b",-1,-0.1905,-0.1352,-0.4245,0.1357,0.167
"effects",180,26,1000,443,23,TRUE,"H4",1,0.26,0.2102,-0.0396,0.4629,0.95125
"effects",180,26,1000,443,23,TRUE,"null:sleep_efficiency",1,0,0.0242,-0.0534,0.2297,0.7445
"effects",180,26,1000,443,23,TRUE,"null:hrv_ms",1,0,0.0131,-0.0763,0.1851,0.66275
"effects",180,26,1000,443,23,TRUE,"null:resting_hr",1,0,6e-04,-0.1147,0.1249,0.51025
"effects",180,26,1000,443,23,TRUE,"null:skin_temp_dev_c",1,0,0.0192,-0.0601,0.1897,0.70225
"effects",180,26,1000,443,23,TRUE,"null:exercise_min",1,0,-0.0134,-0.1968,0.0747,0.336
"effects",180,26,1000,443,23,TRUE,"null:outdoor_min",1,0,-0.0069,-0.1586,0.0937,0.401
"effects",180,26,1000,443,23,TRUE,"null:caffeine_mg",1,0,0.0154,-0.0753,0.1809,0.67
"effects",180,26,1000,443,23,TRUE,"null:alcohol_units",1,0,0.0035,-0.1056,0.1493,0.55375
"effects",180,26,1000,443,23,TRUE,"null:work_day",1,0,0.0072,-0.0923,0.1737,0.60325
"effects",180,26,1000,443,23,TRUE,"null:travel",1,0,-0.0025,-0.1376,0.1069,0.4545
"effects",180,26,1000,443,23,TRUE,"null:sick",1,0,-0.0088,-0.1665,0.0911,0.37825
"effects",180,26,1000,443,23,TRUE,"null:temp_mean_c",1,0,-0.0023,-0.1446,0.1076,0.46
"effects",180,26,1000,443,23,TRUE,"null:precipitation_mm",1,0,0.003,-0.1065,0.1409,0.54925
"effects",180,26,1000,443,23,TRUE,"null:sunshine_hours",1,0,-0.004,-0.137,0.1066,0.4305
"effects",180,26,1000,443,23,TRUE,"null:daylight_hours",1,0,-9e-04,-0.1333,0.1265,0.4835
"effects",180,26,1000,443,23,TRUE,"null:pm25",1,0,-0.0163,-0.1923,0.0717,0.317
"effects",180,26,1000,443,23,TRUE,"null:indoor_pm25",1,0,-0.0047,-0.1425,0.0972,0.42075
"effects",180,26,1000,443,23,TRUE,"null:indoor_voc",1,0,-0.0032,-0.1395,0.1047,0.4425
"effects",180,26,1000,443,23,TRUE,"H5",1,0.5,0.7025,0.2252,0.8998,0.9895
"effects",180,27,1000,427,23,TRUE,"H1",1,0.3804,0.4997,0.2367,0.7658,1
"effects",180,27,1000,427,23,TRUE,"H2",1,0.2952,0.3161,0.0435,0.5812,0.988
"effects",180,27,1000,427,23,TRUE,"H3a",-1,-0.2125,-0.282,-0.5729,0.0158,0.03275
"effects",180,27,1000,427,23,TRUE,"H3b",-1,-0.1729,-0.1357,-0.4223,0.1636,0.18825
"effects",180,27,1000,427,23,TRUE,"H4",1,0.2858,0.0076,-0.3019,0.3093,0.5225
"effects",180,27,1000,427,23,TRUE,"null:sleep_efficiency",1,0,-5e-04,-0.1443,0.1263,0.48675
"effects",180,27,1000,427,23,TRUE,"null:hrv_ms",1,0,-0.0123,-0.1959,0.0853,0.3495
"effects",180,27,1000,427,23,TRUE,"null:resting_hr",1,0,-0.0108,-0.1871,0.0933,0.36675
"effects",180,27,1000,427,23,TRUE,"null:skin_temp_dev_c",1,0,-0.0074,-0.1652,0.0973,0.40425
"effects",180,27,1000,427,23,TRUE,"null:exercise_min",1,0,0.02,-0.0676,0.2379,0.6965
"effects",180,27,1000,427,23,TRUE,"null:outdoor_min",1,0,0,-0.1495,0.1294,0.502
"effects",180,27,1000,427,23,TRUE,"null:caffeine_mg",1,0,0.0088,-0.0947,0.1847,0.6115
"effects",180,27,1000,427,23,TRUE,"null:alcohol_units",1,0,-0.0073,-0.1929,0.097,0.39775
"effects",180,27,1000,427,23,TRUE,"null:work_day",1,0,-0.0107,-0.2076,0.0989,0.37325
"effects",180,27,1000,427,23,TRUE,"null:travel",1,0,-0.0068,-0.1742,0.1113,0.39925
"effects",180,27,1000,427,23,TRUE,"null:sick",1,0,-0.006,-0.1829,0.1069,0.4165
"effects",180,27,1000,427,23,TRUE,"null:temp_mean_c",1,0,0.0147,-0.0856,0.2158,0.662
"effects",180,27,1000,427,23,TRUE,"null:precipitation_mm",1,0,-0.0272,-0.2293,0.0543,0.26125
"effects",180,27,1000,427,23,TRUE,"null:sunshine_hours",1,0,-2e-04,-0.1364,0.1271,0.4965
"effects",180,27,1000,427,23,TRUE,"null:daylight_hours",1,0,0.0206,-0.0768,0.2349,0.70075
"effects",180,27,1000,427,23,TRUE,"null:pm25",1,0,0.0014,-0.1308,0.1348,0.53075
"effects",180,27,1000,427,23,TRUE,"null:indoor_pm25",1,0,-0.0185,-0.2284,0.0663,0.29925
"effects",180,27,1000,427,23,TRUE,"null:indoor_voc",1,0,0.0019,-0.1174,0.1581,0.53425
"effects",180,27,1000,427,23,TRUE,"H5",1,0.5,0.3621,-0.1825,0.7242,0.92325
"effects",180,28,1000,445,23,TRUE,"H1",1,0.3455,0.5158,0.2561,0.7964,1
"effects",180,28,1000,445,23,TRUE,"H2",1,0.2834,0.3997,0.1445,0.6841,0.99975
"effects",180,28,1000,445,23,TRUE,"H3a",-1,-0.1896,-0.2275,-0.5274,0.0791,0.0665
"effects",180,28,1000,445,23,TRUE,"H3b",-1,-0.197,-0.2184,-0.5139,0.0602,0.061
"effects",180,28,1000,445,23,TRUE,"H4",1,0.3051,0.1934,-0.1021,0.4859,0.89725
"effects",180,28,1000,445,23,TRUE,"null:sleep_efficiency",1,0,2e-04,-0.08,0.0978,0.511
"effects",180,28,1000,445,23,TRUE,"null:hrv_ms",1,0,-0.0022,-0.1123,0.0698,0.435
"effects",180,28,1000,445,23,TRUE,"null:resting_hr",1,0,-7e-04,-0.0983,0.0801,0.47175
"effects",180,28,1000,445,23,TRUE,"null:skin_temp_dev_c",1,0,-0.0012,-0.0981,0.0713,0.45825
"effects",180,28,1000,445,23,TRUE,"null:exercise_min",1,0,-8e-04,-0.0947,0.0801,0.46825
"effects",180,28,1000,445,23,TRUE,"null:outdoor_min",1,0,0,-0.0905,0.0898,0.50175
"effects",180,28,1000,445,23,TRUE,"null:caffeine_mg",1,0,0.0056,-0.0558,0.1464,0.61775
"effects",180,28,1000,445,23,TRUE,"null:alcohol_units",1,0,6e-04,-0.0838,0.1001,0.52225
"effects",180,28,1000,445,23,TRUE,"null:work_day",1,0,5e-04,-0.0834,0.0993,0.52325
"effects",180,28,1000,445,23,TRUE,"null:travel",1,0,-2e-04,-0.0917,0.09,0.4915
"effects",180,28,1000,445,23,TRUE,"null:sick",1,0,0.0017,-0.0725,0.1011,0.5545
"effects",180,28,1000,445,23,TRUE,"null:temp_mean_c",1,0,-8e-04,-0.0987,0.0849,0.468
"effects",180,28,1000,445,23,TRUE,"null:precipitation_mm",1,0,-4e-04,-0.0944,0.0851,0.4855
"effects",180,28,1000,445,23,TRUE,"null:sunshine_hours",1,0,1e-04,-0.0869,0.0903,0.50425
"effects",180,28,1000,445,23,TRUE,"null:daylight_hours",1,0,-0.0049,-0.1301,0.0566,0.38
"effects",180,28,1000,445,23,TRUE,"null:pm25",1,0,-1e-04,-0.0866,0.0886,0.49175
"effects",180,28,1000,445,23,TRUE,"null:indoor_pm25",1,0,7e-04,-0.0855,0.0993,0.52675
"effects",180,28,1000,445,23,TRUE,"null:indoor_voc",1,0,0.001,-0.0848,0.0992,0.5375
"effects",180,28,1000,445,23,TRUE,"H5",1,0.5,0.3443,-0.1317,0.6673,0.933
"effects",180,29,1000,435,23,TRUE,"H1",1,0.3745,0.393,0.1329,0.6559,0.99925
"effects",180,29,1000,435,23,TRUE,"H2",1,0.2811,0.3848,0.1168,0.6568,0.99875
"effects",180,29,1000,435,23,TRUE,"H3a",-1,-0.1979,-0.1471,-0.4667,0.1614,0.183
"effects",180,29,1000,435,23,TRUE,"H3b",-1,-0.2268,-0.43,-0.7329,-0.1262,0.0025
"effects",180,29,1000,435,23,TRUE,"H4",1,0.291,0.063,-0.2416,0.3644,0.65725
"effects",180,29,1000,435,23,TRUE,"null:sleep_efficiency",1,0,0.0018,-0.0867,0.1163,0.55325
"effects",180,29,1000,435,23,TRUE,"null:hrv_ms",1,0,0.0046,-0.0728,0.1412,0.59825
"effects",180,29,1000,435,23,TRUE,"null:resting_hr",1,0,-0.0033,-0.1196,0.081,0.41675
"effects",180,29,1000,435,23,TRUE,"null:skin_temp_dev_c",1,0,0.0013,-0.0862,0.1195,0.537
"effects",180,29,1000,435,23,TRUE,"null:exercise_min",1,0,1e-04,-0.1082,0.1094,0.50225
"effects",180,29,1000,435,23,TRUE,"null:outdoor_min",1,0,0.0037,-0.0792,0.1452,0.593
"effects",180,29,1000,435,23,TRUE,"null:caffeine_mg",1,0,-1e-04,-0.1054,0.0982,0.49525
"effects",180,29,1000,435,23,TRUE,"null:alcohol_units",1,0,-0.0027,-0.1379,0.0803,0.4265
"effects",180,29,1000,435,23,TRUE,"null:work_day",1,0,0.0064,-0.0638,0.1605,0.62575
"effects",180,29,1000,435,23,TRUE,"null:travel",1,0,-6e-04,-0.1091,0.0908,0.477
"effects",180,29,1000,435,23,TRUE,"null:sick",1,0,-3e-04,-0.1045,0.1048,0.488
"effects",180,29,1000,435,23,TRUE,"null:temp_mean_c",1,0,-0.0025,-0.1345,0.0794,0.4335
"effects",180,29,1000,435,23,TRUE,"null:precipitation_mm",1,0,8e-04,-0.0916,0.0998,0.528
"effects",180,29,1000,435,23,TRUE,"null:sunshine_hours",1,0,3e-04,-0.096,0.093,0.51175
"effects",180,29,1000,435,23,TRUE,"null:daylight_hours",1,0,0.0018,-0.0851,0.1321,0.55425
"effects",180,29,1000,435,23,TRUE,"null:pm25",1,0,0.0016,-0.0817,0.1203,0.5455
"effects",180,29,1000,435,23,TRUE,"null:indoor_pm25",1,0,-0.0021,-0.1137,0.0823,0.44175
"effects",180,29,1000,435,23,TRUE,"null:indoor_voc",1,0,-0.0064,-0.1591,0.0659,0.3785
"effects",180,29,1000,435,23,TRUE,"H5",1,0.5,0.3838,0.0323,0.6624,0.9825
"effects",180,30,1000,431,23,TRUE,"H1",1,0.3711,0.2412,0.0068,0.4918,0.97925
"effects",180,30,1000,431,23,TRUE,"H2",1,0.2938,0.2462,-0.0327,0.5431,0.95775
"effects",180,30,1000,431,23,TRUE,"H3a",-1,-0.2014,-0.1485,-0.4305,0.1305,0.15425
"effects",180,30,1000,431,23,TRUE,"H3b",-1,-0.203,-0.149,-0.412,0.1123,0.13125
"effects",180,30,1000,431,23,TRUE,"H4",1,0.3042,0.125,-0.1602,0.4024,0.79675
"effects",180,30,1000,431,23,TRUE,"null:sleep_efficiency",1,0,0.0162,-0.1334,0.1984,0.60625
"effects",180,30,1000,431,23,TRUE,"null:hrv_ms",1,0,-0.0096,-0.1733,0.1438,0.43
"effects",180,30,1000,431,23,TRUE,"null:resting_hr",1,0,-0.0191,-0.1983,0.134,0.383
"effects",180,30,1000,431,23,TRUE,"null:skin_temp_dev_c",1,0,-0.0407,-0.23,0.0956,0.2665
"effects",180,30,1000,431,23,TRUE,"null:exercise_min",1,0,-0.0108,-0.2046,0.1661,0.43325
"effects",180,30,1000,431,23,TRUE,"null:outdoor_min",1,0,-0.0053,-0.1934,0.1687,0.4535
"effects",180,30,1000,431,23,TRUE,"null:caffeine_mg",1,0,-0.0199,-0.2313,0.1376,0.38425
"effects",180,30,1000,431,23,TRUE,"null:alcohol_units",1,0,-0.0395,-0.2489,0.1127,0.28475
"effects",180,30,1000,431,23,TRUE,"null:work_day",1,0,-0.0034,-0.2181,0.1958,0.4755
"effects",180,30,1000,431,23,TRUE,"null:travel",1,0,-0.1071,-0.3597,0.0413,0.11525
"effects",180,30,1000,431,23,TRUE,"null:sick",1,0,0.1204,-0.0402,0.4309,0.887
"effects",180,30,1000,431,23,TRUE,"null:temp_mean_c",1,0,0.0289,-0.1331,0.2418,0.6625
"effects",180,30,1000,431,23,TRUE,"null:precipitation_mm",1,0,-0.0097,-0.1766,0.1373,0.4335
"effects",180,30,1000,431,23,TRUE,"null:sunshine_hours",1,0,-0.0816,-0.3092,0.0628,0.16775
"effects",180,30,1000,431,23,TRUE,"null:daylight_hours",1,0,0.002,-0.1957,0.2023,0.51575
"effects",180,30,1000,431,23,TRUE,"null:pm25",1,0,-0.0618,-0.2619,0.0792,0.201
"effects",180,30,1000,431,23,TRUE,"null:indoor_pm25",1,0,0.0473,-0.0879,0.2495,0.7465
"effects",180,30,1000,431,23,TRUE,"null:indoor_voc",1,0,-0.0966,-0.3291,0.0424,0.12275
"effects",180,30,1000,431,23,TRUE,"H5",1,0.5,0.5248,-0.4458,0.9176,0.83875
"effects",180,31,1000,442,23,FALSE,"H1",1,0.3586,0.3392,0.099,0.6065,0.99725
"effects",180,31,1000,442,23,FALSE,"H2",1,0.301,0.3746,0.1097,0.6371,0.9965
"effects",180,31,1000,442,23,FALSE,"H3a",-1,-0.2124,-0.2123,-0.481,0.045,0.0525
"effects",180,31,1000,442,23,FALSE,"H3b",-1,-0.2149,-0.3568,-0.6072,-0.0955,0.00325
"effects",180,31,1000,442,23,FALSE,"H4",1,0.2918,0.4576,0.196,0.7092,0.99975
"effects",180,31,1000,442,23,FALSE,"null:sleep_efficiency",1,0,-0.0032,-0.1297,0.0932,0.443
"effects",180,31,1000,442,23,FALSE,"null:hrv_ms",1,0,0.003,-0.0949,0.1342,0.56475
"effects",180,31,1000,442,23,FALSE,"null:resting_hr",1,0,0.0128,-0.0576,0.1735,0.6765
"effects",180,31,1000,442,23,FALSE,"null:skin_temp_dev_c",1,0,-0.003,-0.1279,0.0897,0.43725
"effects",180,31,1000,442,23,FALSE,"null:exercise_min",1,0,0.008,-0.0824,0.1738,0.62525
"effects",180,31,1000,442,23,FALSE,"null:outdoor_min",1,0,-0.0031,-0.1225,0.1016,0.4395
"effects",180,31,1000,442,23,FALSE,"null:caffeine_mg",1,0,-1e-04,-0.1116,0.1117,0.4965
"effects",180,31,1000,442,23,FALSE,"null:alcohol_units",1,0,0.0034,-0.0917,0.1325,0.56475
"effects",180,31,1000,442,23,FALSE,"null:work_day",1,0,0.003,-0.1016,0.1398,0.562
"effects",180,31,1000,442,23,FALSE,"null:travel",1,0,0.0153,-0.0561,0.1983,0.69725
"effects",180,31,1000,442,23,FALSE,"null:sick",1,0,-0.0051,-0.1477,0.0816,0.40425
"effects",180,31,1000,442,23,FALSE,"null:temp_mean_c",1,0,-4e-04,-0.1156,0.1108,0.48675
"effects",180,31,1000,442,23,FALSE,"null:precipitation_mm",1,0,-0.0221,-0.2125,0.0416,0.256
"effects",180,31,1000,442,23,FALSE,"null:sunshine_hours",1,0,-0.0074,-0.1444,0.0748,0.36925
"effects",180,31,1000,442,23,FALSE,"null:daylight_hours",1,0,-0.0014,-0.1236,0.1036,0.4645
"effects",180,31,1000,442,23,FALSE,"null:pm25",1,0,-0.0051,-0.1408,0.0819,0.40525
"effects",180,31,1000,442,23,FALSE,"null:indoor_pm25",1,0,0.0023,-0.0983,0.1223,0.5475
"effects",180,31,1000,442,23,FALSE,"null:indoor_voc",1,0,-4e-04,-0.1149,0.1151,0.487
"effects",180,31,1000,442,23,FALSE,"H5",1,0.5,0.2972,-0.4244,0.6868,0.84375
"effects",180,32,1000,433,23,TRUE,"H1",1,0.3583,0.401,0.1376,0.6433,0.99825
"effects",180,32,1000,433,23,TRUE,"H2",1,0.3144,0.2366,-0.0139,0.4927,0.96725
"effects",180,32,1000,433,23,TRUE,"H3a",-1,-0.1989,-0.1997,-0.4899,0.0873,0.082
"effects",180,32,1000,433,23,TRUE,"H3b",-1,-0.2005,-0.2853,-0.5505,0.0112,0.029
"effects",180,32,1000,433,23,TRUE,"H4",1,0.2971,0.1419,-0.154,0.4267,0.83025
"effects",180,32,1000,433,23,TRUE,"null:sleep_efficiency",1,0,0.0119,-0.0568,0.1746,0.67875
"effects",180,32,1000,433,23,TRUE,"null:hrv_ms",1,0,0.0103,-0.0626,0.1673,0.655
"effects",180,32,1000,433,23,TRUE,"null:resting_hr",1,0,-0.0021,-0.1135,0.0905,0.44725
"effects",180,32,1000,433,23,TRUE,"null:skin_temp_dev_c",1,0,-9e-04,-0.107,0.094,0.472
"effects",180,32,1000,433,23,TRUE,"null:exercise_min",1,0,-0.0021,-0.1235,0.0993,0.4515
"effects",180,32,1000,433,23,TRUE,"null:outdoor_min",1,0,0.0019,-0.0947,0.1191,0.5435
"effects",180,32,1000,433,23,TRUE,"null:caffeine_mg",1,0,0.0011,-0.1026,0.1166,0.53375
"effects",180,32,1000,433,23,TRUE,"null:alcohol_units",1,0,0.0084,-0.0587,0.1729,0.64225
"effects",180,32,1000,433,23,TRUE,"null:work_day",1,0,7e-04,-0.1043,0.1268,0.5225
"effects",180,32,1000,433,23,TRUE,"null:travel",1,0,2e-04,-0.1026,0.1128,0.5075
"effects",180,32,1000,433,23,TRUE,"null:sick",1,0,-0.0028,-0.1384,0.0908,0.44275
"effects",180,32,1000,433,23,TRUE,"null:temp_mean_c",1,0,-0.0012,-0.1166,0.0892,0.46625
"effects",180,32,1000,433,23,TRUE,"null:precipitation_mm",1,0,-4e-04,-0.1094,0.0934,0.4885
"effects",180,32,1000,433,23,TRUE,"null:sunshine_hours",1,0,0.0044,-0.0764,0.1265,0.58725
"effects",180,32,1000,433,23,TRUE,"null:daylight_hours",1,0,0.0091,-0.0634,0.1551,0.65125
"effects",180,32,1000,433,23,TRUE,"null:pm25",1,0,0.0105,-0.0526,0.1652,0.6685
"effects",180,32,1000,433,23,TRUE,"null:indoor_pm25",1,0,-0.0019,-0.1126,0.0919,0.45475
"effects",180,32,1000,433,23,TRUE,"null:indoor_voc",1,0,-7e-04,-0.1174,0.1002,0.483
"effects",180,32,1000,433,23,TRUE,"H5",1,0.5,0.3484,-0.3724,0.7403,0.85825
"effects",180,33,1000,409,23,TRUE,"H1",1,0.343,0.5184,0.2658,0.7808,1
"effects",180,33,1000,409,23,TRUE,"H2",1,0.3177,0.1401,-0.1241,0.4043,0.85575
"effects",180,33,1000,409,23,TRUE,"H3a",-1,-0.2043,-0.0978,-0.4168,0.2057,0.2815
"effects",180,33,1000,409,23,TRUE,"H3b",-1,-0.2082,-0.1817,-0.4599,0.0937,0.09625
"effects",180,33,1000,409,23,TRUE,"H4",1,0.2732,0.4045,0.1093,0.687,0.99525
"effects",180,33,1000,409,23,TRUE,"null:sleep_efficiency",1,0,-0.0044,-0.132,0.0699,0.402
"effects",180,33,1000,409,23,TRUE,"null:hrv_ms",1,0,0.0029,-0.077,0.1294,0.566
"effects",180,33,1000,409,23,TRUE,"null:resting_hr",1,0,0.0043,-0.0714,0.1332,0.59025
"effects",180,33,1000,409,23,TRUE,"null:skin_temp_dev_c",1,0,-0.0018,-0.1067,0.0831,0.456
"effects",180,33,1000,409,23,TRUE,"null:exercise_min",1,0,0.0016,-0.0811,0.1198,0.53875
"effects",180,33,1000,409,23,TRUE,"null:outdoor_min",1,0,-0.0043,-0.1352,0.0719,0.41225
"effects",180,33,1000,409,23,TRUE,"null:caffeine_mg",1,0,7e-04,-0.088,0.1113,0.5235
"effects",180,33,1000,409,23,TRUE,"null:alcohol_units",1,0,0.0048,-0.0748,0.1348,0.60425
"effects",180,33,1000,409,23,TRUE,"null:work_day",1,0,-0.0039,-0.1406,0.0773,0.40225
"effects",180,33,1000,409,23,TRUE,"null:travel",1,0,-0.0041,-0.1306,0.0716,0.404
"effects",180,33,1000,409,23,TRUE,"null:sick",1,0,0.0027,-0.0836,0.1323,0.564
"effects",180,33,1000,409,23,TRUE,"null:temp_mean_c",1,0,1e-04,-0.0967,0.1102,0.50175
"effects",180,33,1000,409,23,TRUE,"null:precipitation_mm",1,0,7e-04,-0.0967,0.1009,0.522
"effects",180,33,1000,409,23,TRUE,"null:sunshine_hours",1,0,-0.0045,-0.1355,0.0682,0.40125
"effects",180,33,1000,409,23,TRUE,"null:daylight_hours",1,0,-0.0011,-0.1153,0.0971,0.466
"effects",180,33,1000,409,23,TRUE,"null:pm25",1,0,-0.0016,-0.1178,0.0791,0.458
"effects",180,33,1000,409,23,TRUE,"null:indoor_pm25",1,0,-0.0028,-0.1302,0.0822,0.432
"effects",180,33,1000,409,23,TRUE,"null:indoor_voc",1,0,-0.001,-0.1089,0.0922,0.46925
"effects",180,33,1000,409,23,TRUE,"H5",1,0.5,0.5421,0.1765,0.8189,0.9925
"effects",180,34,1000,451,23,FALSE,"H1",1,0.3722,0.4041,0.1272,0.6761,0.99775
"effects",180,34,1000,451,23,FALSE,"H2",1,0.2947,0.5071,0.2164,0.793,0.999
"effects",180,34,1000,451,23,FALSE,"H3a",-1,-0.2153,-0.2113,-0.5022,0.0841,0.08125
"effects",180,34,1000,451,23,FALSE,"H3b",-1,-0.2241,-0.2378,-0.5228,0.0316,0.044
"effects",180,34,1000,451,23,FALSE,"H4",1,0.3017,0.2087,-0.0848,0.494,0.92325
"effects",180,34,1000,451,23,FALSE,"null:sleep_efficiency",1,0,0.001,-0.0889,0.1052,0.53425
"effects",180,34,1000,451,23,FALSE,"null:hrv_ms",1,0,0.002,-0.0845,0.1144,0.5565
"effects",180,34,1000,451,23,FALSE,"null:resting_hr",1,0,0.0012,-0.0909,0.1088,0.5355
"effects",180,34,1000,451,23,FALSE,"null:skin_temp_dev_c",1,0,8e-04,-0.0886,0.1112,0.52625
"effects",180,34,1000,451,23,FALSE,"null:exercise_min",1,0,0.0048,-0.0645,0.1486,0.6145
"effects",180,34,1000,451,23,FALSE,"null:outdoor_min",1,0,0.0061,-0.063,0.16,0.62525
"effects",180,34,1000,451,23,FALSE,"null:caffeine_mg",1,0,0.0024,-0.0842,0.1234,0.567
"effects",180,34,1000,451,23,FALSE,"null:alcohol_units",1,0,-0.0012,-0.1201,0.0833,0.462
"effects",180,34,1000,451,23,FALSE,"null:work_day",1,0,0.0031,-0.0775,0.1303,0.57625
"effects",180,34,1000,451,23,FALSE,"null:travel",1,0,-0.0015,-0.1182,0.0824,0.45075
"effects",180,34,1000,451,23,FALSE,"null:sick",1,0,7e-04,-0.1008,0.1028,0.5255
"effects",180,34,1000,451,23,FALSE,"null:temp_mean_c",1,0,2e-04,-0.0971,0.098,0.50875
"effects",180,34,1000,451,23,FALSE,"null:precipitation_mm",1,0,0.0099,-0.0494,0.1632,0.6835
"effects",180,34,1000,451,23,FALSE,"null:sunshine_hours",1,0,3e-04,-0.0933,0.0964,0.5125
"effects",180,34,1000,451,23,FALSE,"null:daylight_hours",1,0,0.0019,-0.0823,0.1189,0.557
"effects",180,34,1000,451,23,FALSE,"null:pm25",1,0,-7e-04,-0.1082,0.0845,0.47775
"effects",180,34,1000,451,23,FALSE,"null:indoor_pm25",1,0,-4e-04,-0.1048,0.0958,0.48225
"effects",180,34,1000,451,23,FALSE,"null:indoor_voc",1,0,4e-04,-0.0876,0.1029,0.51475
"effects",180,34,1000,451,23,FALSE,"H5",1,0.5,0.2513,-0.1448,0.5955,0.89425
"effects",180,35,1000,434,23,TRUE,"H1",1,0.3594,0.4014,0.1496,0.6566,0.9985
"effects",180,35,1000,434,23,TRUE,"H2",1,0.3272,0.2625,-0.0232,0.538,0.9635
"effects",180,35,1000,434,23,TRUE,"H3a",-1,-0.2181,-0.2936,-0.5588,-0.0319,0.01325
"effects",180,35,1000,434,23,TRUE,"H3b",-1,-0.2092,-0.1582,-0.4192,0.0895,0.11
"effects",180,35,1000,434,23,TRUE,"H4",1,0.3308,0.3635,0.0935,0.6379,0.99725
"effects",180,35,1000,434,23,TRUE,"null:sleep_efficiency",1,0,-0.0348,-0.2393,0.0766,0.25225
"effects",180,35,1000,434,23,TRUE,"null:hrv_ms",1,0,-2e-04,-0.139,0.1298,0.49575
"effects",180,35,1000,434,23,TRUE,"null:resting_hr",1,0,-0.0211,-0.1867,0.0892,0.319
"effects",180,35,1000,434,23,TRUE,"null:skin_temp_dev_c",1,0,-0.0282,-0.2071,0.0757,0.278
"effects",180,35,1000,434,23,TRUE,"null:exercise_min",1,0,-0.0032,-0.1787,0.1393,0.457
"effects",180,35,1000,434,23,TRUE,"null:outdoor_min",1,0,0.0216,-0.1057,0.2173,0.6665
"effects",180,35,1000,434,23,TRUE,"null:caffeine_mg",1,0,-0.0082,-0.1847,0.1194,0.419
"effects",180,35,1000,434,23,TRUE,"null:alcohol_units",1,0,0.0358,-0.0708,0.237,0.754
"effects",180,35,1000,434,23,TRUE,"null:work_day",1,0,-0.0121,-0.2197,0.1224,0.3865
"effects",180,35,1000,434,23,TRUE,"null:travel",1,0,-0.0052,-0.1647,0.138,0.44525
"effects",180,35,1000,434,23,TRUE,"null:sick",1,0,0.0147,-0.1123,0.1801,0.6305
"effects",180,35,1000,434,23,TRUE,"null:temp_mean_c",1,0,0.0488,-0.054,0.252,0.802
"effects",180,35,1000,434,23,TRUE,"null:precipitation_mm",1,0,0.0072,-0.1163,0.1501,0.5825
"effects",180,35,1000,434,23,TRUE,"null:sunshine_hours",1,0,0.0219,-0.088,0.1853,0.67675
"effects",180,35,1000,434,23,TRUE,"null:daylight_hours",1,0,0.0422,-0.0655,0.2466,0.7785
"effects",180,35,1000,434,23,TRUE,"null:pm25",1,0,0.0246,-0.082,0.2019,0.69825
"effects",180,35,1000,434,23,TRUE,"null:indoor_pm25",1,0,-8e-04,-0.154,0.1425,0.487
"effects",180,35,1000,434,23,TRUE,"null:indoor_voc",1,0,0.0071,-0.119,0.1696,0.57025
"effects",180,35,1000,434,23,TRUE,"H5",1,0.5,0.3154,-0.4406,0.7841,0.8185
"effects",180,36,1000,425,23,TRUE,"H1",1,0.3685,0.3752,0.1125,0.6356,0.99725
"effects",180,36,1000,425,23,TRUE,"H2",1,0.2597,0.375,0.1274,0.6299,0.99875
"effects",180,36,1000,425,23,TRUE,"H3a",-1,-0.2259,-0.1749,-0.453,0.1196,0.12025
"effects",180,36,1000,425,23,TRUE,"H3b",-1,-0.2266,-0.2052,-0.4955,0.0807,0.08025
"effects",180,36,1000,425,23,TRUE,"H4",1,0.2933,0.3391,0.0522,0.6264,0.9875
"effects",180,36,1000,425,23,TRUE,"null:sleep_efficiency",1,0,0.006,-0.0849,0.1471,0.597
"effects",180,36,1000,425,23,TRUE,"null:hrv_ms",1,0,0.0056,-0.082,0.1496,0.6035
"effects",180,36,1000,425,23,TRUE,"null:resting_hr",1,0,-5e-04,-0.1157,0.1029,0.48325
"effects",180,36,1000,425,23,TRUE,"null:skin_temp_dev_c",1,0,0.0118,-0.0643,0.1674,0.667
"effects",180,36,1000,425,23,TRUE,"null:exercise_min",1,0,-0.0047,-0.1569,0.0926,0.41825
"effects",180,36,1000,425,23,TRUE,"null:outdoor_min",1,0,-0.0066,-0.1407,0.0807,0.39175
"effects",180,36,1000,425,23,TRUE,"null:caffeine_mg",1,0,-1e-04,-0.1188,0.1155,0.494
"effects",180,36,1000,425,23,TRUE,"null:alcohol_units",1,0,0.0099,-0.0717,0.1701,0.6465
"effects",180,36,1000,425,23,TRUE,"null:work_day",1,0,-0.0036,-0.1431,0.0993,0.4335
"effects",180,36,1000,425,23,TRUE,"null:travel",1,0,0.0215,-0.0458,0.2307,0.74175
"effects",180,36,1000,425,23,TRUE,"null:sick",1,0,0.0022,-0.0931,0.1217,0.54025
"effects",180,36,1000,425,23,TRUE,"null:temp_mean_c",1,0,-0.0164,-0.1984,0.0593,0.3025
"effects",180,36,1000,425,23,TRUE,"null:precipitation_mm",1,0,-0.0034,-0.1216,0.0927,0.43125
"effects",180,36,1000,425,23,TRUE,"null:sunshine_hours",1,0,-0.0067,-0.1392,0.0804,0.39025
"effects",180,36,1000,425,23,TRUE,"null:daylight_hours",1,0,-0.0065,-0.1314,0.0996,0.396
"effects",180,36,1000,425,23,TRUE,"null:pm25",1,0,0.006,-0.0676,0.1392,0.61225
"effects",180,36,1000,425,23,TRUE,"null:indoor_pm25",1,0,-2e-04,-0.124,0.1069,0.494
"effects",180,36,1000,425,23,TRUE,"null:indoor_voc",1,0,6e-04,-0.1068,0.1256,0.5155
"effects",180,36,1000,425,23,TRUE,"H5",1,0.5,0.2666,-0.4403,0.683,0.82325
"effects",180,37,1000,443,23,TRUE,"H1",1,0.3543,0.2146,-0.0651,0.4969,0.9385
"effects",180,37,1000,443,23,TRUE,"H2",1,0.2727,0.4244,0.1486,0.6911,0.99825
"effects",180,37,1000,443,23,TRUE,"H3a",-1,-0.1909,-0.3724,-0.676,-0.0542,0.01075
"effects",180,37,1000,443,23,TRUE,"H3b",-1,-0.1833,-0.2653,-0.5782,0.0335,0.04475
"effects",180,37,1000,443,23,TRUE,"H4",1,0.292,0.0554,-0.2676,0.3821,0.64075
"effects",180,37,1000,443,23,TRUE,"null:sleep_efficiency",1,0,-0.0064,-0.1673,0.0812,0.37625
"effects",180,37,1000,443,23,TRUE,"null:hrv_ms",1,0,0.0087,-0.075,0.1704,0.6365
"effects",180,37,1000,443,23,TRUE,"null:resting_hr",1,0,-0.0034,-0.1501,0.0934,0.428
"effects",180,37,1000,443,23,TRUE,"null:skin_temp_dev_c",1,0,-0.0031,-0.1506,0.0981,0.43075
"effects",180,37,1000,443,23,TRUE,"null:exercise_min",1,0,-4e-04,-0.1297,0.1273,0.48525
"effects",180,37,1000,443,23,TRUE,"null:outdoor_min",1,0,-0.0014,-0.132,0.1061,0.47
"effects",180,37,1000,443,23,TRUE,"null:caffeine_mg",1,0,0.0103,-0.0714,0.1918,0.6505
"effects",180,37,1000,443,23,TRUE,"null:alcohol_units",1,0,0.0082,-0.0884,0.1702,0.622
"effects",180,37,1000,443,23,TRUE,"null:work_day",1,0,-0.0106,-0.2079,0.0738,0.343
"effects",180,37,1000,443,23,TRUE,"null:travel",1,0,2e-04,-0.1198,0.119,0.508
"effects",180,37,1000,443,23,TRUE,"null:sick",1,0,-0.0045,-0.1488,0.0867,0.41
"effects",180,37,1000,443,23,TRUE,"null:temp_mean_c",1,0,-0.0078,-0.1973,0.0826,0.38325
"effects",180,37,1000,443,23,TRUE,"null:precipitation_mm",1,0,0.001,-0.1054,0.1201,0.5255
"effects",180,37,1000,443,23,TRUE,"null:sunshine_hours",1,0,0.0051,-0.0921,0.1533,0.59725
"effects",180,37,1000,443,23,TRUE,"null:daylight_hours",1,0,0.0061,-0.0835,0.196,0.60825
"effects",180,37,1000,443,23,TRUE,"null:pm25",1,0,0.0028,-0.0902,0.1404,0.557
"effects",180,37,1000,443,23,TRUE,"null:indoor_pm25",1,0,-0.0104,-0.1862,0.0688,0.3435
"effects",180,37,1000,443,23,TRUE,"null:indoor_voc",1,0,-7e-04,-0.1321,0.1128,0.47875
"effects",180,37,1000,443,23,TRUE,"H5",1,0.5,0.4993,0.1391,0.7795,0.9945
"effects",180,38,1000,433,23,TRUE,"H1",1,0.3154,0.2284,0,0.4676,0.97475
"effects",180,38,1000,433,23,TRUE,"H2",1,0.2986,0.3541,0.1225,0.5837,0.99875
"effects",180,38,1000,433,23,TRUE,"H3a",-1,-0.1883,-0.3542,-0.6002,-0.104,0.0035
"effects",180,38,1000,433,23,TRUE,"H3b",-1,-0.1955,-0.1032,-0.3663,0.1512,0.2105
"effects",180,38,1000,433,23,TRUE,"H4",1,0.348,0.4647,0.191,0.728,1
"effects",180,38,1000,433,23,TRUE,"null:sleep_efficiency",1,0,-0.0016,-0.1029,0.0902,0.457
"effects",180,38,1000,433,23,TRUE,"null:hrv_ms",1,0,0.004,-0.0778,0.117,0.57975
"effects",180,38,1000,433,23,TRUE,"null:resting_hr",1,0,0.002,-0.0816,0.1159,0.55575
"effects",180,38,1000,433,23,TRUE,"null:skin_temp_dev_c",1,0,0.0062,-0.0647,0.124,0.62175
"effects",180,38,1000,433,23,TRUE,"null:exercise_min",1,0,-0.0017,-0.1154,0.0903,0.45625
"effects",180,38,1000,433,23,TRUE,"null:outdoor_min",1,0,-3e-04,-0.1003,0.0898,0.49175
"effects",180,38,1000,433,23,TRUE,"null:caffeine_mg",1,0,0.0084,-0.0653,0.1379,0.64575
"effects",180,38,1000,433,23,TRUE,"null:alcohol_units",1,0,0.0029,-0.0824,0.1155,0.561
"effects",180,38,1000,433,23,TRUE,"null:work_day",1,0,1e-04,-0.0961,0.0989,0.507
"effects",180,38,1000,433,23,TRUE,"null:travel",1,0,2e-04,-0.0994,0.0942,0.50775
"effects",180,38,1000,433,23,TRUE,"null:sick",1,0,-0.0031,-0.1178,0.0803,0.43425
"effects",180,38,1000,433,23,TRUE,"null:temp_mean_c",1,0,-0.0097,-0.1418,0.0582,0.34525
"effects",180,38,1000,433,23,TRUE,"null:precipitation_mm",1,0,0.0126,-0.0487,0.1536,0.69325
"effects",180,38,1000,433,23,TRUE,"null:sunshine_hours",1,0,1e-04,-0.0932,0.0933,0.50125
"effects",180,38,1000,433,23,TRUE,"null:daylight_hours",1,0,-0.0083,-0.1321,0.0659,0.362
"effects",180,38,1000,433,23,TRUE,"null:pm25",1,0,-0.0084,-0.1386,0.062,0.347
"effects",180,38,1000,433,23,TRUE,"null:indoor_pm25",1,0,-0.0065,-0.1322,0.0657,0.38075
"effects",180,38,1000,433,23,TRUE,"null:indoor_voc",1,0,-0.0018,-0.1105,0.0848,0.457
"effects",180,38,1000,433,23,TRUE,"H5",1,0.5,0.2919,-0.5993,0.8674,0.72925
"effects",180,39,1000,434,23,TRUE,"H1",1,0.4213,0.2935,0.0603,0.5285,0.994
"effects",180,39,1000,434,23,TRUE,"H2",1,0.2776,0.313,0.031,0.6058,0.98675
"effects",180,39,1000,434,23,TRUE,"H3a",-1,-0.1954,-0.1303,-0.397,0.1496,0.16775
"effects",180,39,1000,434,23,TRUE,"H3b",-1,-0.212,-0.2451,-0.4987,-0.0016,0.0245
"effects",180,39,1000,434,23,TRUE,"H4",1,0.2787,0.3981,0.1431,0.6597,0.999
"effects",180,39,1000,434,23,TRUE,"null:sleep_efficiency",1,0,0.0388,-0.1147,0.2267,0.702
"effects",180,39,1000,434,23,TRUE,"null:hrv_ms",1,0,-0.0224,-0.2012,0.1356,0.3775
"effects",180,39,1000,434,23,TRUE,"null:resting_hr",1,0,0.0145,-0.1549,0.1996,0.58375
"effects",180,39,1000,434,23,TRUE,"null:skin_temp_dev_c",1,0,0.1196,-0.0376,0.325,0.9095
"effects",180,39,1000,434,23,TRUE,"null:exercise_min",1,0,0.0461,-0.1352,0.2837,0.69975
"effects",180,39,1000,434,23,TRUE,"null:outdoor_min",1,0,-0.1387,-0.3957,0.0397,0.07975
"effects",180,39,1000,434,23,TRUE,"null:caffeine_mg",1,0,0.0409,-0.1382,0.2425,0.6935
"effects",180,39,1000,434,23,TRUE,"null:alcohol_units",1,0,-0.1327,-0.3592,0.0468,0.09575
"effects",180,39,1000,434,23,TRUE,"null:work_day",1,0,-0.0124,-0.2393,0.18,0.4355
"effects",180,39,1000,434,23,TRUE,"null:travel",1,0,-0.052,-0.2906,0.1152,0.293
"effects",180,39,1000,434,23,TRUE,"null:sick",1,0,0.1086,-0.0788,0.3982,0.86325
"effects",180,39,1000,434,23,TRUE,"null:temp_mean_c",1,0,-0.035,-0.2325,0.1559,0.337
"effects",180,39,1000,434,23,TRUE,"null:precipitation_mm",1,0,0.021,-0.1301,0.1845,0.6225
"effects",180,39,1000,434,23,TRUE,"null:sunshine_hours",1,0,-0.0805,-0.2674,0.0715,0.1575
"effects",180,39,1000,434,23,TRUE,"null:daylight_hours",1,0,-0.1043,-0.3499,0.0873,0.1435
"effects",180,39,1000,434,23,TRUE,"null:pm25",1,0,-0.116,-0.3206,0.045,0.092
"effects",180,39,1000,434,23,TRUE,"null:indoor_pm25",1,0,0.0437,-0.1201,0.2446,0.711
"effects",180,39,1000,434,23,TRUE,"null:indoor_voc",1,0,0.0358,-0.137,0.2401,0.66575
"effects",180,39,1000,434,23,TRUE,"H5",1,0.5,0.3167,-0.6474,0.8473,0.72975
"effects",180,40,1000,443,23,TRUE,"H1",1,0.3534,0.2852,0.0222,0.5605,0.98125
"effects",180,40,1000,443,23,TRUE,"H2",1,0.2555,0.0023,-0.2794,0.2738,0.5085
"effects",180,40,1000,443,23,TRUE,"H3a",-1,-0.2167,-0.2282,-0.5215,0.058,0.0635
"effects",180,40,1000,443,23,TRUE,"H3b",-1,-0.2298,-0.2546,-0.5573,0.0419,0.04825
"effects",180,40,1000,443,23,TRUE,"H4",1,0.2982,0.1332,-0.1667,0.4235,0.82075
"effects",180,40,1000,443,23,TRUE,"null:sleep_efficiency",1,0,0.007,-0.1163,0.1735,0.58925
"effects",180,40,1000,443,23,TRUE,"null:hrv_ms",1,0,0.0039,-0.1097,0.1669,0.555
"effects",180,40,1000,443,23,TRUE,"null:resting_hr",1,0,-8e-04,-0.1398,0.1311,0.48425
"effects",180,40,1000,443,23,TRUE,"null:skin_temp_dev_c",1,0,-0.046,-0.3046,0.037,0.195
"effects",180,40,1000,443,23,TRUE,"null:exercise_min",1,0,-0.0016,-0.1479,0.1366,0.4685
"effects",180,40,1000,443,23,TRUE,"null:outdoor_min",1,0,2e-04,-0.1312,0.1438,0.505
"effects",180,40,1000,443,23,TRUE,"null:caffeine_mg",1,0,-0.0075,-0.1786,0.1061,0.39975
"effects",180,40,1000,443,23,TRUE,"null:alcohol_units",1,0,0.0106,-0.0985,0.191,0.62525
"effects",180,40,1000,443,23,TRUE,"null:work_day",1,0,-1e-04,-0.1552,0.1655,0.49775
"effects",180,40,1000,443,23,TRUE,"null:travel",1,0,-6e-04,-0.157,0.1372,0.489
"effects",180,40,1000,443,23,TRUE,"null:sick",1,0,-0.0115,-0.195,0.0934,0.36175
"effects",180,40,1000,443,23,TRUE,"null:temp_mean_c",1,0,-0.0059,-0.1804,0.1175,0.42175
"effects",180,40,1000,443,23,TRUE,"null:precipitation_mm",1,0,-0.0084,-0.1706,0.0955,0.39725
"effects",180,40,1000,443,23,TRUE,"null:sunshine_hours",1,0,-0.0236,-0.213,0.0701,0.283
"effects",180,40,1000,443,23,TRUE,"null:daylight_hours",1,0,-5e-04,-0.1513,0.1536,0.49025
"effects",180,40,1000,443,23,TRUE,"null:pm25",1,0,-0.0305,-0.2483,0.0553,0.24575
"effects",180,40,1000,443,23,TRUE,"null:indoor_pm25",1,0,-0.0089,-0.1821,0.1019,0.3885
"effects",180,40,1000,443,23,TRUE,"null:indoor_voc",1,0,0.0098,-0.105,0.1871,0.61525
"effects",180,40,1000,443,23,TRUE,"H5",1,0.5,0.4562,0.0976,0.7428,0.9915
"effects",180,41,1000,435,23,TRUE,"H1",1,0.3926,0.6537,0.3828,0.9292,1
"effects",180,41,1000,435,23,TRUE,"H2",1,0.2934,0.158,-0.1392,0.4211,0.86
"effects",180,41,1000,435,23,TRUE,"H3a",-1,-0.1841,-0.1925,-0.467,0.0979,0.0895
"effects",180,41,1000,435,23,TRUE,"H3b",-1,-0.1775,-0.1534,-0.4458,0.141,0.139
"effects",180,41,1000,435,23,TRUE,"H4",1,0.3066,0.2817,0.0053,0.5624,0.97725
"effects",180,41,1000,435,23,TRUE,"null:sleep_efficiency",1,0,-0.0043,-0.1456,0.0863,0.412
"effects",180,41,1000,435,23,TRUE,"null:hrv_ms",1,0,0.003,-0.0978,0.1346,0.5645
"effects",180,41,1000,435,23,TRUE,"null:resting_hr",1,0,-3e-04,-0.1213,0.1108,0.49125
"effects",180,41,1000,435,23,TRUE,"null:skin_temp_dev_c",1,0,-0.0058,-0.1527,0.088,0.4065
"effects",180,41,1000,435,23,TRUE,"null:exercise_min",1,0,0.0123,-0.0747,0.2029,0.66925
"effects",180,41,1000,435,23,TRUE,"null:outdoor_min",1,0,0.0147,-0.059,0.2083,0.6945
"effects",180,41,1000,435,23,TRUE,"null:caffeine_mg",1,0,0.0112,-0.0723,0.1798,0.658
"effects",180,41,1000,435,23,TRUE,"null:alcohol_units",1,0,-0.0162,-0.2042,0.0594,0.305
"effects",180,41,1000,435,23,TRUE,"null:work_day",1,0,0.0024,-0.108,0.1452,0.55075
"effects",180,41,1000,435,23,TRUE,"null:travel",1,0,0.0014,-0.1094,0.133,0.534
"effects",180,41,1000,435,23,TRUE,"null:sick",1,0,0.0087,-0.0759,0.1687,0.6285
"effects",180,41,1000,435,23,TRUE,"null:temp_mean_c",1,0,0.0078,-0.0866,0.1738,0.6225
"effects",180,41,1000,435,23,TRUE,"null:precipitation_mm",1,0,-3e-04,-0.1058,0.1056,0.49225
"effects",180,41,1000,435,23,TRUE,"null:sunshine_hours",1,0,-0.0077,-0.1513,0.0798,0.386
"effects",180,41,1000,435,23,TRUE,"null:daylight_hours",1,0,7e-04,-0.1117,0.1282,0.52075
"effects",180,41,1000,435,23,TRUE,"null:pm25",1,0,0.002,-0.102,0.1342,0.55025
"effects",180,41,1000,435,23,TRUE,"null:indoor_pm25",1,0,0.0092,-0.0753,0.1736,0.63575
"effects",180,41,1000,435,23,TRUE,"null:indoor_voc",1,0,0.0014,-0.1083,0.1236,0.5375
"effects",180,41,1000,435,23,TRUE,"H5",1,0.5,0.2873,-0.191,0.7208,0.89275
"effects",180,42,1000,426,23,TRUE,"H1",1,0.36,0.5805,0.3439,0.8302,1
"effects",180,42,1000,426,23,TRUE,"H2",1,0.259,0.2612,0.0077,0.511,0.97725
"effects",180,42,1000,426,23,TRUE,"H3a",-1,-0.1948,-0.175,-0.4476,0.0889,0.10025
"effects",180,42,1000,426,23,TRUE,"H3b",-1,-0.1997,-0.3403,-0.6172,-0.0623,0.0075
"effects",180,42,1000,426,23,TRUE,"H4",1,0.2847,0.4634,0.19,0.7385,0.99975
"effects",180,42,1000,426,23,TRUE,"null:sleep_efficiency",1,0,0.0161,-0.0533,0.1864,0.69075
"effects",180,42,1000,426,23,TRUE,"null:hrv_ms",1,0,-0.0012,-0.1224,0.1078,0.46975
"effects",180,42,1000,426,23,TRUE,"null:resting_hr",1,0,-0.0023,-0.1335,0.1013,0.45175
"effects",180,42,1000,426,23,TRUE,"null:skin_temp_dev_c",1,0,-0.0222,-0.2178,0.0442,0.26125
"effects",180,42,1000,426,23,TRUE,"null:exercise_min",1,0,0.0027,-0.1045,0.1519,0.55475
"effects",180,42,1000,426,23,TRUE,"null:outdoor_min",1,0,-0.0109,-0.1909,0.07,0.35025
"effects",180,42,1000,426,23,TRUE,"null:caffeine_mg",1,0,0.0018,-0.1049,0.126,0.539
"effects",180,42,1000,426,23,TRUE,"null:alcohol_units",1,0,0,-0.1273,0.1219,0.4995
"effects",180,42,1000,426,23,TRUE,"null:work_day",1,0,-0.0079,-0.1828,0.0851,0.36875
"effects",180,42,1000,426,23,TRUE,"null:travel",1,0,0.0046,-0.0869,0.147,0.5775
"effects",180,42,1000,426,23,TRUE,"null:sick",1,0,1e-04,-0.1124,0.1139,0.5055
"effects",180,42,1000,426,23,TRUE,"null:temp_mean_c",1,0,0.0034,-0.1013,0.1476,0.56625
"effects",180,42,1000,426,23,TRUE,"null:precipitation_mm",1,0,0.0015,-0.0976,0.1298,0.5345
"effects",180,42,1000,426,23,TRUE,"null:sunshine_hours",1,0,0.0041,-0.0934,0.1376,0.5735
"effects",180,42,1000,426,23,TRUE,"null:daylight_hours",1,0,4e-04,-0.1116,0.1258,0.513
"effects",180,42,1000,426,23,TRUE,"null:pm25",1,0,0.0077,-0.0739,0.1542,0.624
"effects",180,42,1000,426,23,TRUE,"null:indoor_pm25",1,0,0.0158,-0.0609,0.1887,0.6905
"effects",180,42,1000,426,23,TRUE,"null:indoor_voc",1,0,0.0092,-0.0805,0.1724,0.63225
"effects",180,42,1000,426,23,TRUE,"H5",1,0.5,0.4121,-0.5128,0.7782,0.85325
"effects",180,43,1000,446,23,TRUE,"H1",1,0.3884,0.2548,-0.0083,0.5182,0.97125
"effects",180,43,1000,446,23,TRUE,"H2",1,0.2552,0.284,0.0226,0.5523,0.98225
"effects",180,43,1000,446,23,TRUE,"H3a",-1,-0.1978,-0.3625,-0.6441,-0.0843,0.007
"effects",180,43,1000,446,23,TRUE,"H3b",-1,-0.2074,-0.3381,-0.6275,-0.0538,0.01075
"effects",180,43,1000,446,23,TRUE,"H4",1,0.2987,0.5433,0.2661,0.8239,1
"effects",180,43,1000,446,23,TRUE,"null:sleep_efficiency",1,0,-0.0167,-0.2031,0.0781,0.3275
"effects",180,43,1000,446,23,TRUE,"null:hrv_ms",1,0,0.0035,-0.1233,0.1475,0.55375
"effects",180,43,1000,446,23,TRUE,"null:resting_hr",1,0,-0.0146,-0.2,0.0791,0.3345
"effects",180,43,1000,446,23,TRUE,"null:skin_temp_dev_c",1,0,0.0041,-0.1114,0.1549,0.5645
"effects",180,43,1000,446,23,TRUE,"null:exercise_min",1,0,0.0122,-0.0863,0.2015,0.64525
"effects",180,43,1000,446,23,TRUE,"null:outdoor_min",1,0,0.0013,-0.1384,0.1389,0.5255
"effects",180,43,1000,446,23,TRUE,"null:caffeine_mg",1,0,0.0087,-0.0978,0.1764,0.60575
"effects",180,43,1000,446,23,TRUE,"null:alcohol_units",1,0,2e-04,-0.1348,0.1296,0.50575
"effects",180,43,1000,446,23,TRUE,"null:work_day",1,0,7e-04,-0.1376,0.1511,0.517
"effects",180,43,1000,446,23,TRUE,"null:travel",1,0,0.0359,-0.0512,0.2848,0.77275
"effects",180,43,1000,446,23,TRUE,"null:sick",1,0,-0.0174,-0.2028,0.0738,0.31775
"effects",180,43,1000,446,23,TRUE,"null:temp_mean_c",1,0,0.0139,-0.086,0.2108,0.65375
"effects",180,43,1000,446,23,TRUE,"null:precipitation_mm",1,0,-0.0113,-0.1726,0.0822,0.35825
"effects",180,43,1000,446,23,TRUE,"null:sunshine_hours",1,0,0.0073,-0.1035,0.1603,0.60175
"effects",180,43,1000,446,23,TRUE,"null:daylight_hours",1,0,0.0141,-0.092,0.2061,0.657
"effects",180,43,1000,446,23,TRUE,"null:pm25",1,0,0.0018,-0.1137,0.1381,0.533
"effects",180,43,1000,446,23,TRUE,"null:indoor_pm25",1,0,0.0053,-0.1166,0.1571,0.58025
"effects",180,43,1000,446,23,TRUE,"null:indoor_voc",1,0,-0.0088,-0.1868,0.0983,0.3945
"effects",180,43,1000,446,23,TRUE,"H5",1,0.5,0.5804,0.1885,0.8271,0.99525
"effects",180,44,1000,436,23,TRUE,"H1",1,0.3481,0.4674,0.2058,0.7204,0.9995
"effects",180,44,1000,436,23,TRUE,"H2",1,0.2705,0.2247,-0.0361,0.501,0.95225
"effects",180,44,1000,436,23,TRUE,"H3a",-1,-0.2,0.0462,-0.2254,0.3372,0.62075
"effects",180,44,1000,436,23,TRUE,"H3b",-1,-0.1968,0.038,-0.2527,0.3361,0.60075
"effects",180,44,1000,436,23,TRUE,"H4",1,0.3119,0.1282,-0.1782,0.4121,0.79725
"effects",180,44,1000,436,23,TRUE,"null:sleep_efficiency",1,0,-0.0045,-0.1364,0.0853,0.41675
"effects",180,44,1000,436,23,TRUE,"null:hrv_ms",1,0,0.0103,-0.0777,0.1608,0.64525
"effects",180,44,1000,436,23,TRUE,"null:resting_hr",1,0,0.0132,-0.0659,0.181,0.67075
"effects",180,44,1000,436,23,TRUE,"null:skin_temp_dev_c",1,0,-0.0096,-0.1618,0.0788,0.3615
"effects",180,44,1000,436,23,TRUE,"null:exercise_min",1,0,-0.0016,-0.1346,0.1182,0.46625
"effects",180,44,1000,436,23,TRUE,"null:outdoor_min",1,0,0.0017,-0.1135,0.1354,0.53725
"effects",180,44,1000,436,23,TRUE,"null:caffeine_mg",1,0,-7e-04,-0.1162,0.117,0.48025
"effects",180,44,1000,436,23,TRUE,"null:alcohol_units",1,0,-0.003,-0.1333,0.1026,0.4395
"effects",180,44,1000,436,23,TRUE,"null:work_day",1,0,2e-04,-0.1127,0.1293,0.50675
"effects",180,44,1000,436,23,TRUE,"null:travel",1,0,0.0025,-0.1015,0.1324,0.55
"effects",180,44,1000,436,23,TRUE,"null:sick",1,0,-0.0101,-0.1951,0.0698,0.36
"effects",180,44,1000,436,23,TRUE,"null:temp_mean_c",1,0,0.0101,-0.0751,0.1594,0.65725
"effects",180,44,1000,436,23,TRUE,"null:precipitation_mm",1,0,-0.0033,-0.1245,0.091,0.43775
"effects",180,44,1000,436,23,TRUE,"null:sunshine_hours",1,0,0.003,-0.0988,0.1235,0.55875
"effects",180,44,1000,436,23,TRUE,"null:daylight_hours",1,0,0.0089,-0.0823,0.1691,0.63025
"effects",180,44,1000,436,23,TRUE,"null:pm25",1,0,-0.0056,-0.1374,0.086,0.41225
"effects",180,44,1000,436,23,TRUE,"null:indoor_pm25",1,0,-0.0183,-0.2093,0.0545,0.2875
"effects",180,44,1000,436,23,TRUE,"null:indoor_voc",1,0,-6e-04,-0.1281,0.1054,0.4855
"effects",180,44,1000,436,23,TRUE,"H5",1,0.5,0.2905,-0.2118,0.7016,0.8875
"effects",180,45,1000,429,23,TRUE,"H1",1,0.3433,0.3792,0.1542,0.627,0.9995
"effects",180,45,1000,429,23,TRUE,"H2",1,0.2448,0.1202,-0.128,0.3631,0.83375
"effects",180,45,1000,429,23,TRUE,"H3a",-1,-0.2316,0.2366,-0.0347,0.503,0.95575
"effects",180,45,1000,429,23,TRUE,"H3b",-1,-0.1982,-0.5016,-0.7698,-0.246,0
"effects",180,45,1000,429,23,TRUE,"H4",1,0.3241,0.1843,-0.0774,0.4459,0.909
"effects",180,45,1000,429,23,TRUE,"null:sleep_efficiency",1,0,-0.013,-0.1781,0.0578,0.31775
"effects",180,45,1000,429,23,TRUE,"null:hrv_ms",1,0,0.0123,-0.0543,0.1669,0.68975
"effects",180,45,1000,429,23,TRUE,"null:resting_hr",1,0,-0.008,-0.1421,0.071,0.36825
"effects",180,45,1000,429,23,TRUE,"null:skin_temp_dev_c",1,0,-4e-04,-0.1006,0.0967,0.4895
"effects",180,45,1000,429,23,TRUE,"null:exercise_min",1,0,0.0178,-0.0525,0.1994,0.7175
"effects",180,45,1000,429,23,TRUE,"null:outdoor_min",1,0,8e-04,-0.1106,0.1234,0.51875
"effects",180,45,1000,429,23,TRUE,"null:caffeine_mg",1,0,-0.0039,-0.1439,0.0831,0.428
"effects",180,45,1000,429,23,TRUE,"null:alcohol_units",1,0,0.0126,-0.0604,0.1845,0.673
"effects",180,45,1000,429,23,TRUE,"null:work_day",1,0,0.0021,-0.1047,0.1423,0.54475
"effects",180,45,1000,429,23,TRUE,"null:travel",1,0,-1e-04,-0.1151,0.1077,0.49725
"effects",180,45,1000,429,23,TRUE,"null:sick",1,0,-0.0013,-0.1164,0.1028,0.4705
"effects",180,45,1000,429,23,TRUE,"null:temp_mean_c",1,0,-0.0024,-0.1226,0.0923,0.45275
"effects",180,45,1000,429,23,TRUE,"null:precipitation_mm",1,0,-4e-04,-0.1132,0.1005,0.49025
"effects",180,45,1000,429,23,TRUE,"null:sunshine_hours",1,0,0.0063,-0.0745,0.1389,0.60375
"effects",180,45,1000,429,23,TRUE,"null:daylight_hours",1,0,0.009,-0.0704,0.1505,0.6365
"effects",180,45,1000,429,23,TRUE,"null:pm25",1,0,-0.0049,-0.1333,0.0821,0.4125
"effects",180,45,1000,429,23,TRUE,"null:indoor_pm25",1,0,-5e-04,-0.1097,0.1022,0.49125
"effects",180,45,1000,429,23,TRUE,"null:indoor_voc",1,0,-1e-04,-0.1067,0.1112,0.49725
"effects",180,45,1000,429,23,TRUE,"H5",1,0.5,0.1458,-0.6009,0.7024,0.65475
"effects",180,46,1000,428,23,TRUE,"H1",1,0.3591,0.2536,0.0041,0.5071,0.97675
"effects",180,46,1000,428,23,TRUE,"H2",1,0.2843,0.3582,0.0918,0.6444,0.99525
"effects",180,46,1000,428,23,TRUE,"H3a",-1,-0.1918,-0.2559,-0.5366,0.0212,0.03275
"effects",180,46,1000,428,23,TRUE,"H3b",-1,-0.2203,-0.1511,-0.419,0.1341,0.14675
"effects",180,46,1000,428,23,TRUE,"H4",1,0.2996,0.2123,-0.0721,0.4975,0.92475
"effects",180,46,1000,428,23,TRUE,"null:sleep_efficiency",1,0,-0.0053,-0.1894,0.169,0.46
"effects",180,46,1000,428,23,TRUE,"null:hrv_ms",1,0,-0.0464,-0.257,0.1057,0.277
"effects",180,46,1000,428,23,TRUE,"null:resting_hr",1,0,-0.0038,-0.1841,0.1631,0.474
"effects",180,46,1000,428,23,TRUE,"null:skin_temp_dev_c",1,0,0.0469,-0.111,0.2576,0.7225
"effects",180,46,1000,428,23,TRUE,"null:exercise_min",1,0,-0.021,-0.2403,0.1637,0.39025
"effects",180,46,1000,428,23,TRUE,"null:outdoor_min",1,0,-0.0231,-0.2197,0.1543,0.36625
"effects",180,46,1000,428,23,TRUE,"null:caffeine_mg",1,0,-0.1416,-0.4114,0.03,0.09025
"effects",180,46,1000,428,23,TRUE,"null:alcohol_units",1,0,-0.001,-0.1917,0.1739,0.4935
"effects",180,46,1000,428,23,TRUE,"null:work_day",1,0,0.0113,-0.1845,0.248,0.57575
"effects",180,46,1000,428,23,TRUE,"null:travel",1,0,-0.0434,-0.2746,0.1117,0.2865
"effects",180,46,1000,428,23,TRUE,"null:sick",1,0,0.0331,-0.1252,0.2334,0.6745
"effects",180,46,1000,428,23,TRUE,"null:temp_mean_c",1,0,-6e-04,-0.1875,0.2146,0.4945
"effects",180,46,1000,428,23,TRUE,"null:precipitation_mm",1,0,0.0058,-0.1485,0.1687,0.54175
"effects",180,46,1000,428,23,TRUE,"null:sunshine_hours",1,0,-0.0289,-0.2109,0.1264,0.33575
"effects",180,46,1000,428,23,TRUE,"null:daylight_hours",1,0,-0.1264,-0.4488,0.0503,0.11825
"effects",180,46,1000,428,23,TRUE,"null:pm25",1,0,-0.0644,-0.271,0.0823,0.20975
"effects",180,46,1000,428,23,TRUE,"null:indoor_pm25",1,0,-0.1636,-0.4472,0.0268,0.0775
"effects",180,46,1000,428,23,TRUE,"null:indoor_voc",1,0,-0.0687,-0.307,0.0855,0.20325
"effects",180,46,1000,428,23,TRUE,"H5",1,0.5,0.3732,-0.6351,0.8639,0.76475
"effects",180,47,1000,442,23,TRUE,"H1",1,0.3709,0.3468,0.1043,0.5999,0.99825
"effects",180,47,1000,442,23,TRUE,"H2",1,0.2592,0.0131,-0.2385,0.2594,0.53925
"effects",180,47,1000,442,23,TRUE,"H3a",-1,-0.2024,-0.2136,-0.4918,0.0731,0.07125
"effects",180,47,1000,442,23,TRUE,"H3b",-1,-0.194,-0.3894,-0.6759,-0.12,0.00275
"effects",180,47,1000,442,23,TRUE,"H4",1,0.3048,0.282,0.0126,0.5451,0.98025
"effects",180,47,1000,442,23,TRUE,"null:sleep_efficiency",1,0,0.0101,-0.071,0.1757,0.63425
"effects",180,47,1000,442,23,TRUE,"null:hrv_ms",1,0,0.0322,-0.0323,0.2556,0.806
"effects",180,47,1000,442,23,TRUE,"null:resting_hr",1,0,-3e-04,-0.1179,0.1074,0.48925
"effects",180,47,1000,442,23,TRUE,"null:skin_temp_dev_c",1,0,-4e-04,-0.1109,0.1065,0.48775
"effects",180,47,1000,442,23,TRUE,"null:exercise_min",1,0,-0.0101,-0.1804,0.0698,0.35225
"effects",180,47,1000,442,23,TRUE,"null:outdoor_min",1,0,8e-04,-0.1034,0.1255,0.522
"effects",180,47,1000,442,23,TRUE,"null:caffeine_mg",1,0,-0.0122,-0.1834,0.0615,0.32925
"effects",180,47,1000,442,23,TRUE,"null:alcohol_units",1,0,4e-04,-0.1159,0.1132,0.51125
"effects",180,47,1000,442,23,TRUE,"null:work_day",1,0,-0.0077,-0.182,0.0822,0.3795
"effects",180,47,1000,442,23,TRUE,"null:travel",1,0,-0.0014,-0.1176,0.1069,0.46525
"effects",180,47,1000,442,23,TRUE,"null:sick",1,0,-8e-04,-0.1212,0.1097,0.4795
"effects",180,47,1000,442,23,TRUE,"null:temp_mean_c",1,0,0.0034,-0.101,0.1348,0.571
"effects",180,47,1000,442,23,TRUE,"null:precipitation_mm",1,0,0.0045,-0.0853,0.1315,0.58225
"effects",180,47,1000,442,23,TRUE,"null:sunshine_hours",1,0,-0.003,-0.1354,0.0956,0.43875
"effects",180,47,1000,442,23,TRUE,"null:daylight_hours",1,0,6e-04,-0.1038,0.1158,0.514
"effects",180,47,1000,442,23,TRUE,"null:pm25",1,0,-0.0054,-0.14,0.0791,0.40225
"effects",180,47,1000,442,23,TRUE,"null:indoor_pm25",1,0,-0.0031,-0.1335,0.101,0.43625
"effects",180,47,1000,442,23,TRUE,"null:indoor_voc",1,0,-1e-04,-0.1184,0.1141,0.4975
"effects",180,47,1000,442,23,TRUE,"H5",1,0.5,0.2077,-0.4012,0.5915,0.79825
"effects",180,48,1000,436,23,TRUE,"H1",1,0.377,0.3519,0.1261,0.5894,0.99875
"effects",180,48,1000,436,23,TRUE,"H2",1,0.2891,0.1813,-0.084,0.4378,0.91775
"effects",180,48,1000,436,23,TRUE,"H3a",-1,-0.2035,-0.1842,-0.4543,0.0738,0.07925
"effects",180,48,1000,436,23,TRUE,"H3b",-1,-0.2223,-0.2087,-0.4733,0.0532,0.05675
"effects",180,48,1000,436,23,TRUE,"H4",1,0.298,0.4479,0.1847,0.6954,0.99975
"effects",180,48,1000,436,23,TRUE,"null:sleep_efficiency",1,0,-0.0371,-0.2363,0.0511,0.2285
"effects",180,48,1000,436,23,TRUE,"null:hrv_ms",1,0,0.0252,-0.0647,0.1931,0.73175
"effects",180,48,1000,436,23,TRUE,"null:resting_hr",1,0,-0.0022,-0.1364,0.1133,0.46675
"effects",180,48,1000,436,23,TRUE,"null:skin_temp_dev_c",1,0,0.0178,-0.0791,0.1874,0.66925
"effects",180,48,1000,436,23,TRUE,"null:exercise_min",1,0,-0.005,-0.1731,0.1207,0.43075
"effects",180,48,1000,436,23,TRUE,"null:outdoor_min",1,0,-0.0061,-0.166,0.1136,0.415
"effects",180,48,1000,436,23,TRUE,"null:caffeine_mg",1,0,0.0237,-0.0657,0.2092,0.721
"effects",180,48,1000,436,23,TRUE,"null:alcohol_units",1,0,-0.0195,-0.2028,0.0721,0.31675
"effects",180,48,1000,436,23,TRUE,"null:work_day",1,0,-0.0327,-0.2738,0.0671,0.25725
"effects",180,48,1000,436,23,TRUE,"null:travel",1,0,-0.0029,-0.1545,0.1274,0.459
"effects",180,48,1000,436,23,TRUE,"null:sick",1,0,-0.0021,-0.1476,0.1251,0.46275
"effects",180,48,1000,436,23,TRUE,"null:temp_mean_c",1,0,-1e-04,-0.1243,0.1478,0.49825
"effects",180,48,1000,436,23,TRUE,"null:precipitation_mm",1,0,-0.003,-0.1391,0.1084,0.449
"effects",180,48,1000,436,23,TRUE,"null:sunshine_hours",1,0,0.0126,-0.0849,0.1738,0.64625
"effects",180,48,1000,436,23,TRUE,"null:daylight_hours",1,0,-0.0297,-0.2382,0.0611,0.24725
"effects",180,48,1000,436,23,TRUE,"null:pm25",1,0,0.0068,-0.1033,0.1502,0.59325
"effects",180,48,1000,436,23,TRUE,"null:indoor_pm25",1,0,-0.0352,-0.2409,0.0548,0.22425
"effects",180,48,1000,436,23,TRUE,"null:indoor_voc",1,0,-0.0112,-0.185,0.0896,0.36275
"effects",180,48,1000,436,23,TRUE,"H5",1,0.5,0.1682,-0.6668,0.8072,0.63325
"effects",180,49,1000,429,22,FALSE,"H1",1,0.413,0.5813,0.301,0.8691,1
"effects",180,49,1000,429,22,FALSE,"H2",1,0.2942,0.2844,-0.0091,0.5621,0.9735
"effects",180,49,1000,429,22,FALSE,"H3a",-1,-0.2169,-0.3646,-0.6733,-0.0607,0.00925
"effects",180,49,1000,429,22,FALSE,"H3b",-1,-0.2002,-0.0209,-0.3359,0.2857,0.44475
"effects",180,49,1000,429,22,FALSE,"H4",1,0.2721,0.1966,-0.1555,0.5152,0.868
"effects",180,49,1000,429,22,FALSE,"null:sleep_efficiency",1,0,-2e-04,-0.1453,0.1308,0.494
"effects",180,49,1000,429,22,FALSE,"null:hrv_ms",1,0,-0.0075,-0.1677,0.0989,0.392
"effects",180,49,1000,429,22,FALSE,"null:resting_hr",1,0,0.0102,-0.0935,0.1883,0.63075
"effects",180,49,1000,429,22,FALSE,"null:skin_temp_dev_c",1,0,0.0059,-0.098,0.1771,0.5925
"effects",180,49,1000,429,22,FALSE,"null:exercise_min",1,0,0.0107,-0.0959,0.2228,0.643
"effects",180,49,1000,429,22,FALSE,"null:outdoor_min",1,0,0.0051,-0.1112,0.1887,0.58925
"effects",180,49,1000,429,22,FALSE,"null:caffeine_mg",1,0,0.0104,-0.0935,0.2025,0.6335
"effects",180,49,1000,429,22,FALSE,"null:alcohol_units",1,0,0.0154,-0.0857,0.2437,0.67475
"effects",180,49,1000,429,22,FALSE,"null:work_day",1,0,-0.0058,-0.2209,0.1101,0.411
"effects",180,49,1000,429,22,FALSE,"null:travel",1,0,0.0027,-0.1301,0.1703,0.54875
"effects",180,49,1000,429,22,FALSE,"null:temp_mean_c",1,0,-0.0028,-0.1642,0.1119,0.44575
"effects",180,49,1000,429,22,FALSE,"null:precipitation_mm",1,0,0.0266,-0.0525,0.2221,0.751
"effects",180,49,1000,429,22,FALSE,"null:sunshine_hours",1,0,-2e-04,-0.1285,0.1251,0.4935
"effects",180,49,1000,429,22,FALSE,"null:daylight_hours",1,0,-7e-04,-0.1454,0.1449,0.48925
"effects",180,49,1000,429,22,FALSE,"null:pm25",1,0,-0.0231,-0.2303,0.0581,0.279
"effects",180,49,1000,429,22,FALSE,"null:indoor_pm25",1,0,0.0158,-0.0754,0.2195,0.68175
"effects",180,49,1000,429,22,FALSE,"null:indoor_voc",1,0,-2e-04,-0.1426,0.1443,0.49525
"effects",180,49,1000,429,22,FALSE,"H5",1,0.5,0.1667,-0.2764,0.5798,0.78
"effects",180,50,1000,434,23,FALSE,"H1",1,0.4033,0.2901,0.0144,0.5454,0.98125
"effects",180,50,1000,434,23,FALSE,"H2",1,0.3371,0.5524,0.2545,0.8689,0.9995
"effects",180,50,1000,434,23,FALSE,"H3a",-1,-0.1921,-0.0726,-0.335,0.1711,0.28125
"effects",180,50,1000,434,23,FALSE,"H3b",-1,-0.1954,-0.2374,-0.4862,0.0052,0.0275
"effects",180,50,1000,434,23,FALSE,"H4",1,0.2562,0.1338,-0.1069,0.4077,0.85625
"effects",180,50,1000,434,23,FALSE,"null:sleep_efficiency",1,0,0.1536,-0.0502,0.3952,0.92625
"effects",180,50,1000,434,23,FALSE,"null:hrv_ms",1,0,-0.0064,-0.196,0.181,0.47375
"effects",180,50,1000,434,23,FALSE,"null:resting_hr",1,0,-0.0419,-0.2398,0.1579,0.331
"effects",180,50,1000,434,23,FALSE,"null:skin_temp_dev_c",1,0,0.2025,-4e-04,0.4386,0.974
"effects",180,50,1000,434,23,FALSE,"null:exercise_min",1,0,-0.092,-0.354,0.1263,0.20125
"effects",180,50,1000,434,23,FALSE,"null:outdoor_min",1,0,-0.1176,-0.3669,0.0942,0.126
"effects",180,50,1000,434,23,FALSE,"null:caffeine_mg",1,0,-0.0327,-0.2483,0.1693,0.37425
"effects",180,50,1000,434,23,FALSE,"null:alcohol_units",1,0,0.1538,-0.0528,0.3884,0.92775
"effects",180,50,1000,434,23,FALSE,"null:work_day",1,0,-0.0025,-0.2574,0.2347,0.49275
"effects",180,50,1000,434,23,FALSE,"null:travel",1,0,0.1296,-0.0792,0.3687,0.886
"effects",180,50,1000,434,23,FALSE,"null:sick",1,0,-0.0477,-0.2746,0.1578,0.32475
"effects",180,50,1000,434,23,FALSE,"null:temp_mean_c",1,0,-0.0805,-0.3098,0.1283,0.2365
"effects",180,50,1000,434,23,FALSE,"null:precipitation_mm",1,0,0.1119,-0.0629,0.2937,0.8865
"effects",180,50,1000,434,23,FALSE,"null:sunshine_hours",1,0,-0.2628,-0.4976,-0.044,0.0085
"effects",180,50,1000,434,23,FALSE,"null:daylight_hours",1,0,-0.0077,-0.2185,0.2314,0.46675
"effects",180,50,1000,434,23,FALSE,"null:pm25",1,0,0.0241,-0.1635,0.206,0.6045
"effects",180,50,1000,434,23,FALSE,"null:indoor_pm25",1,0,0.0213,-0.191,0.223,0.57525
"effects",180,50,1000,434,23,FALSE,"null:indoor_voc",1,0,0.2575,0.0165,0.5246,0.982
"effects",180,50,1000,434,23,FALSE,"H5",1,0.5,0.0934,-0.6126,0.7643,0.5935
